id,movieName,movieImage,movieLink,create_at,updated_at,mostViewed
00039efa-795e-4f02-be3d-d6e5b78ed14b,شارلوك هولمز 2,https://i.imgur.com/uFQ5TYq.jpeg,https://cdn.arteenz.com/75441e2b95254493ab02a4e94d7710e9:arteenz/001/0movies/sherlock_holmes_s4.mp4,2024-08-22 20:42:30.116213+00,2024-08-22 20:42:30.116213+00,false
0003b5f8-2dbe-4fc2-b260-68c657b89857,كونغ فو باندا:اسرار التمرير,https://i.imgur.com/EIvytw9.jpeg,https://cdn.arteenz.com/75441e2b95254493ab02a4e94d7710e9:arteenz/001/0movies/kung_fu_panda_secrets_scroll.mp4,2024-08-21 11:22:10.285446+00,2024-08-21 11:22:10.285446+00,false
000740d8-f15f-4c38-8c90-637112e5aea6,النبيلة والشارد الجزء 2,https://i.imgur.com/CAg0v7U.png,https://cdn.arteenz.com/75441e2b95254493ab02a4e94d7710e9:arteenz/001/0movies/lady_and_the_tramp_s2.mp4,2024-08-22 20:26:44.671836+00,2024-08-22 20:26:44.671836+00,false
000a4373-e7c4-4a1b-8ba9-e8b372972872,مرحباً يا ألبرتو,https://i.imgur.com/BVRHQ8B.jpeg,https://zidwish.site/e/kme40eyxu8b3,2024-08-31 17:07:00.555171+00,2024-08-31 17:07:00.555171+00,false
000c5a8e-268c-44d6-ae73-73930e03631d,الفار الطباخ,https://i.imgur.com/oTSdlHj.jpeg,https://cdn.arteenz.com/75441e2b95254493ab02a4e94d7710e9:arteenz/001/0movies/ratatouille.mp4,2024-08-17 10:21:36.683752+00,2024-08-17 10:21:36.683752+00,false
000cbd71-d1ca-4ac3-8ef6-dbdcc3c138c4,سنجب وسنجوب: رحلة إنقاذ صديق,https://i.imgur.com/grLDXL5.jpeg,"https://uqload.ws/embed-nl7t19sng87u.html ",2024-08-31 17:12:40.876826+00,2024-08-31 17:12:40.876826+00,true
000fd3b6-3514-4885-ad65-91dbb37daf4a,المحقق كونان الفيلم الاول,https://i.imgur.com/WjhTsXo.jpeg,https://cdn.arteenz.com/75441e2b95254493ab02a4e94d7710e9:arteenz/001/0movies/conan_film_01.mp4,2024-08-30 17:54:41.738829+00,2024-08-30 17:54:41.738829+00,false
0011ad24-5491-47de-bd82-fd1c6ba6842d,حول العالم مع تيمون وبومبا,https://i.imgur.com/Aip9Cew.jpeg,https://wsxe.viidshar.com/embed-fy3wx3d39aw4.html,2024-08-31 09:29:57.795608+00,2024-08-31 09:29:57.795608+00,false
00157134-fc6b-40f8-9035-0997e511a03b,انستازيا,https://i.imgur.com/lYtkh3Q.jpeg,https://cdn.arteenz.com/75441e2b95254493ab02a4e94d7710e9:arteenz/001/0movies/anastasia.mp4,2024-08-22 00:13:16.847076+00,2024-08-22 00:13:16.847076+00,false
0018a520-505d-46a2-8f43-a88f325182ba,محطات مسار البطريق,https://i.imgur.com/Ce2Qp9h.jpeg,https://cdn.arteenz.com/75441e2b95254493ab02a4e94d7710e9:arteenz/001/0movies/penguin_highway.mp4,2024-08-21 11:06:00.5807+00,2024-08-21 11:06:00.5807+00,false
001a1cb5-8baa-409e-9623-94c3c34ef1ef,مغامرات بندق,https://i.imgur.com/eNZGbRR.jpeg,https://zidwish.site/e/ys7y9ezwgavu,2024-08-31 15:24:57.865652+00,2024-08-31 15:24:57.865652+00,false
001a1f63-cffe-4811-a86e-815a35c506c9,البحث عن نيمو,https://i.imgur.com/VBkUvOd.jpeg,"https://zidwish.site/e/9u0unjx6hxsa ",2024-08-31 17:38:47.112266+00,2024-08-31 17:38:47.112266+00,true
001cc1ad-2d63-4c44-8932-58928c285a70,بامبي الجزء 2,https://i.imgur.com/jUvBeZB.jpeg,https://f78410.asd-dl.store/d/niqe3znrfsrnuwfu756j5m7vw7tz5ahmo6ke626zbugyd5mt5ireumlpcgnwmlgowa2rv7ek/video.mp4,2024-08-21 20:15:50.077414+00,2024-08-21 20:15:50.077414+00,true
001d4d12-e6cd-4f5c-9240-3f5c6bf2a5bc,بامبي الجزء 2,https://i.imgur.com/jUvBeZB.jpeg,https://cdn.arteenz.com/75441e2b95254493ab02a4e94d7710e9:arteenz/001/0movies/bambi_s2.mp4,2024-08-21 20:15:50.077414+00,2024-08-21 20:15:50.077414+00,true
001dc885-ce31-4e84-bb5f-0e7a14b2553f,العصر الجليدي الجزء 2,https://i.imgur.com/eLxKZF5.jpeg,https://cdn.arteenz.com/75441e2b95254493ab02a4e94d7710e9:arteenz/001/0movies/ice_age_s2.mp4,2024-08-22 08:37:18.895008+00,2024-08-22 08:37:18.895008+00,false
001fc959-7be6-451d-bd2d-ca6aadd54a32,الضئيل,https://i.imgur.com/h58sqZL.jpeg,https://zidwish.site/e/xrgoz2ebjyiz,2024-09-01 10:06:44.554083+00,2024-09-01 10:06:44.554083+00,true
0021ed99-fc1a-4a48-83b3-32e269bbf459,ركوب الامواج,https://i.imgur.com/BJqVXFt.jpeg,https://aflam-cdn-cash-26-rty.dialymotion.online/yh5cbptypxikjnl75zpkrkbzv3xaenmxqyua7l6z44w2dpiyo33pe4cuwfga/v.mp4,2024-09-01 12:00:58.772837+00,2024-09-01 12:00:58.772837+00,true
0021ef79-4738-41ee-b5c3-ed2faf6c2994,ذئب الجبل الأبيض,https://i.imgur.com/NQHvjMz.jpeg,http://so2.downet.net/dl/1726628644/Deab.Al.Gabal.Al.Abead.akoam.net.mkv,2024-08-22 21:43:40.473556+00,2024-08-22 21:43:40.473556+00,false
00263cfe-74bb-4027-b4b7-c94465a538f8,ذئب الجبل الأبيض,https://i.imgur.com/NQHvjMz.jpeg,https://cdn.arteenz.com/75441e2b95254493ab02a4e94d7710e9:arteenz/001/0movies/deab_algabal_al2bead.mp4,2024-08-22 21:43:40.473556+00,2024-08-22 21:43:40.473556+00,false
002f3126-51fc-429d-948a-2aac51bc85f9,سيارات الجزء 1,https://i.imgur.com/f6RkJL0.jpeg,https://cdn.arteenz.com/75441e2b95254493ab02a4e94d7710e9:arteenz/001/0movies/cars_1.mp4,2024-08-21 19:10:14.179034+00,2024-08-21 19:10:14.179034+00,false
00341517-237b-4689-913d-56800e690f2f,مغامرة في بلاد العجائب,https://i.imgur.com/pi3jmPU.jpeg,https://cdn.arteenz.com/75441e2b95254493ab02a4e94d7710e9:arteenz/001/0movies/the_wonderland.mp4,2024-08-21 12:36:02.107062+00,2024-08-21 12:36:02.107062+00,false
0034fea1-0640-45b5-b067-28bf02293774,مغامرة أولاف الثلجية,https://i.imgur.com/VTTfQ8B.jpeg,https://vidhide-t4an.store/v/ud6i47qf9t3i,2024-08-31 09:45:29.454443+00,2024-08-31 09:45:29.454443+00,false
00357bce-3a42-46a1-8403-a2fe73e3dcda,النحلة,https://i.imgur.com/B2L3IlA.jpeg,"https://zidwish.site/e/8351x17utfo5 ",2024-09-01 11:50:13.19056+00,2024-09-01 11:50:13.19056+00,true
0036a5e9-4e4e-4b88-9da6-0272cbc92106,فيفو,https://i.imgur.com/prnBDW5.jpeg,"https://zidwish.site/e/xokfg3b70ikf ",2024-09-01 11:54:32.609739+00,2024-09-01 11:54:32.609739+00,false
00386dcd-898e-4f76-81ee-b5bb8f30e0e8,ابنة البحر,https://i.imgur.com/ynQzJgi.jpeg,https://cdn.arteenz.com/75441e2b95254493ab02a4e94d7710e9:arteenz/001/0movies/ibnat_albahr.mp4,2024-08-22 20:47:59.155486+00,2024-08-22 20:47:59.155486+00,false
003a0922-9a2c-4a7a-845f-f57840f1e2b9,مولان 1998,https://i.imgur.com/jSpsNYh.jpeg,"https://zidwish.site/e/cfk5u6mmxagg ",2024-09-01 10:48:07.618147+00,2024-09-01 10:48:07.618147+00,false
003a255d-3f02-427a-bf54-455a448567c3,الأمل,https://i.imgur.com/KHemetR.jpeg,https://cdn.arteenz.com/75441e2b95254493ab02a4e94d7710e9:arteenz/001/0movies/al2ml.mp4,2024-08-30 18:13:07.986736+00,2024-08-30 18:13:07.986736+00,false
003be52f-4823-4632-98dc-45384f75b11e,موانا,https://i.imgur.com/KEu7aCK.jpeg,https://cdn.arteenz.com/75441e2b95254493ab02a4e94d7710e9:arteenz/001/0movies/moana.mp4,2024-08-21 20:49:12.149554+00,2024-08-21 20:49:12.149554+00,false
003c09fb-332c-472f-8154-21c75d500d75,الأسد الملك الجزء 1,https://i.imgur.com/CbMFtJq.jpeg,https://cdn.arteenz.com/75441e2b95254493ab02a4e94d7710e9:arteenz/001/0movies/the_lion_king_s1.mp4,2024-08-30 17:47:58.404165+00,2024-08-30 17:47:58.404165+00,false
003f1699-0888-4398-ac5f-95bb05e9a9be,بوكيمون اسرار الادغال,https://i.imgur.com/bwT0Sgf.png,https://cdn.arteenz.com/75441e2b95254493ab02a4e94d7710e9:arteenz/001/0movies/pokemon_secrets_jungle.mp4,2024-08-21 18:02:51.430462+00,2024-08-21 18:02:51.430462+00,true
003f2684-3401-4b88-b908-e7f2fb8a44c9,علاء الدين والمصباح السحري,https://i.imgur.com/DeO33lx.jpeg,https://cdn.arteenz.com/75441e2b95254493ab02a4e94d7710e9:arteenz/001/0movies/aladdin.mp4,2024-08-22 20:53:11.807826+00,2024-08-22 20:53:11.807826+00,false
0041617e-1b76-412e-8705-a32cdbcf241d,مغامرة ذاتية,https://i.imgur.com/nSMNX2y.jpeg,https://zidwish.site/e/ees2q642i8c0,2024-08-31 09:22:20.960047+00,2024-08-31 09:22:20.960047+00,false
0043e328-d79e-49de-873b-ebbd28eb0aac,شارلوك هولمز 1,https://i.imgur.com/7YDjAaO.jpeg,https://cdn.arteenz.com/75441e2b95254493ab02a4e94d7710e9:arteenz/001/0movies/sherlock_holmes_s3.mp4,2024-08-22 20:41:06.172088+00,2024-08-22 20:41:06.172088+00,false
004b7ff5-eb5c-4eed-94e6-03fc59ce9f0c,زعيم الغابة,https://i.imgur.com/OtoOcMm.jpeg,https://cdn.arteenz.com/75441e2b95254493ab02a4e94d7710e9:arteenz/001/0movies/the_jungle_king.mp4,2024-08-22 00:12:11.323529+00,2024-08-22 00:12:11.323529+00,false
004c0235-b609-40d8-b623-b357384325a3,بينوكيو,https://i.imgur.com/hfHVdSo.jpeg,https://cdn.arteenz.com/75441e2b95254493ab02a4e94d7710e9:arteenz/001/0movies/pinocchio.mp4,2024-08-22 20:24:25.836733+00,2024-08-22 20:24:25.836733+00,false
004c63fb-1a9f-45a6-bce3-add879a98d4d,طرزان وجين,https://i.imgur.com/gdsn2f1.jpeg,"https://zidwish.site/e/xnt0pu5osmvp ",2024-08-31 09:51:17.23417+00,2024-08-31 09:51:17.23417+00,false
004dc09c-6008-4e8f-ab65-2b6dd2f80d18,المحقق كونان الفيلم الثاني,https://i.imgur.com/7RJL9mv.jpeg,https://cdn.arteenz.com/75441e2b95254493ab02a4e94d7710e9:arteenz/001/0movies/conan_film_02.mp4,2024-08-30 17:55:21.088431+00,2024-08-30 17:55:21.088431+00,false
00519054-beb4-4df6-9f01-c200ea8f4fb8,سيارات الجزء 2,https://i.imgur.com/am9DA4s.png,https://cdn.arteenz.com/75441e2b95254493ab02a4e94d7710e9:arteenz/001/0movies/cars_2.mp4,2024-08-21 19:13:27.208841+00,2024-08-21 19:13:27.208841+00,true
0056ed19-d6f0-42ad-802d-263f733c521e,الحياة السرية للحيوانات الأليفة الجزء 2,https://i.imgur.com/qs9YsQD.jpeg,https://cdn.arteenz.com/75441e2b95254493ab02a4e94d7710e9:arteenz/001/0movies/the_secret_life_of_pets_s2.mp4,2024-08-22 00:20:13.270773+00,2024-08-22 00:20:13.270773+00,false
00577eb2-da93-4c5d-8cc4-bf57fc6a2a2b,ميكي وبطوط وبندق,https://i.imgur.com/nfiADQv.jpeg,https://zidwish.site/e/hpwiw3d96lxj,2024-08-31 15:18:50.551293+00,2024-08-31 15:18:50.551293+00,false
005ae9d2-1637-4e3a-9e80-4ce4a50cd52c,تنين الأماني,https://i.imgur.com/bXjnq3W.jpeg,https://zidwish.site/e/vryp97916u6b,2024-09-01 11:48:04.267742+00,2024-09-01 11:48:04.267742+00,false
005f4ee7-e7de-43e0-a575-3bfc3fc03b8a,طائرات حرائق وإنقاذ,https://i.imgur.com/87U0zc5.jpeg,https://cdn.arteenz.com/75441e2b95254493ab02a4e94d7710e9:arteenz/001/0movies/planes_fire_and_rescue.mp4,2024-08-22 20:36:38.524414+00,2024-08-22 20:36:38.524414+00,false
005fe29e-b4ff-4046-8382-a9fe5ece5df6,الحياة السرية للحيوانات الأليفة الجزء 1,https://i.imgur.com/aRv9x1r.jpeg,https://cdn.arteenz.com/75441e2b95254493ab02a4e94d7710e9:arteenz/001/0movies/the_secret_life_of_pets.mp4,2024-08-21 20:37:18.12286+00,2024-08-21 20:37:18.12286+00,false
00628945-e520-46c8-a8ac-68e5b67e964c,لوراكس,https://i.imgur.com/CuEUlR3.jpeg,https://cdn.arteenz.com/75441e2b95254493ab02a4e94d7710e9:arteenz/001/0movies/the_lorax.mp4,2024-08-21 11:36:13.034993+00,2024-08-21 11:36:13.034993+00,false
0065db73-862c-4ce8-aa11-23413d3cfecc,فروج القله,https://i.imgur.com/6racKai.jpeg,https://cdn.arteenz.com/75441e2b95254493ab02a4e94d7710e9:arteenz/001/0movies/chicken_little.mp4,2024-08-22 21:36:55.422435+00,2024-08-22 21:36:55.422435+00,false
00699fc7-dcdd-4cb2-8da4-ee2a12237745,سبونج بوب يلوذ بالفرار,https://i.imgur.com/NqpicsI.jpeg,https://cdn.arteenz.com/75441e2b95254493ab02a4e94d7710e9:arteenz/001/0movies/spongebob_2020.mp4,2024-08-21 16:56:20.083574+00,2024-08-21 16:56:20.083574+00,true
006f1648-6bf2-40dd-be1e-f19e715286e7,المغامرة النمورية,https://i.imgur.com/OTNobFu.jpeg,https://uqload.ws/embed-057whpclfn7b.html,2024-08-31 09:56:06.358702+00,2024-08-31 09:56:06.358702+00,false
007180ad-0b33-4e27-95d3-7f378f98af5d,رابونزل 1,https://i.imgur.com/f2wnjiP.png,https://zidwish.site/e/2r1zscj9ahbv,2024-08-16 18:19:08.381584+00,2024-08-16 18:19:08.381584+00,true
007724b5-4403-4260-994c-85d2bf570bc6,الأسد وزهرة الإوز,https://i.imgur.com/EnExqla.jpeg,https://cdn.arteenz.com/75441e2b95254493ab02a4e94d7710e9:arteenz/001/0movies/lion_of_oz.mp4,2024-08-21 20:33:19.100898+00,2024-08-21 20:33:19.100898+00,false
00794e0f-bdfb-4da1-b676-6adc98c8af5a,فاليانت,https://i.imgur.com/LFb1FaA.jpeg,https://ds2play.com/e/cyo86ctjlwop,2024-09-01 10:08:35.440792+00,2024-09-01 10:08:35.440792+00,false
007a0957-291f-4379-903c-0da3b8d4e7da,أليس في بلاد العجائب,https://i.imgur.com/dA4EWkw.jpeg,https://zidwish.site/e/ditvfv092z3l,2024-08-31 16:46:26.612744+00,2024-08-31 16:46:26.612744+00,true
007d763b-edd7-4e45-9f5c-1d71cfe310c3,الطريق إلى كأس الشتاء,https://i.imgur.com/uPZpOmh.jpeg,https://cdn.arteenz.com/75441e2b95254493ab02a4e94d7710e9:arteenz/001/0movies/kurokos_basketball_m_01.mp4,2024-08-21 11:02:42.664741+00,2024-08-21 11:02:42.664741+00,false
007d8b6f-fc7c-4408-ad59-7381555ea071,ديسبيكبل مي الجزء 3,https://i.imgur.com/KUNE7pn.jpeg,https://zidwish.site/e/fb5yrhb7pi60,2024-08-21 11:17:45.201444+00,2024-08-21 11:17:45.201444+00,true
0083bfa4-b5a6-4997-9c36-3063b743d272,مغامرة اولاف فروزن,https://i.imgur.com/uNlgjV0.jpeg,https://cdn.arteenz.com/75441e2b95254493ab02a4e94d7710e9:arteenz/001/0movies/olafs_frozen_adventure.mp4,2024-08-22 00:07:37.322+00,2024-08-22 00:07:37.322+00,false
0086d46c-de13-40aa-8337-9822c11711cc,طائرات: مهمة الإنقاذ,https://i.imgur.com/PTXpiFe.jpeg,https://ds2play.com/e/kzebx4csnr64,2024-08-31 17:36:12.456884+00,2024-08-31 17:36:12.456884+00,true
008861cf-ec42-4db0-98ae-c55476f0489f,صراع الجبابرة,https://i.imgur.com/APtUVWr.jpeg,https://cdn.arteenz.com/75441e2b95254493ab02a4e94d7710e9:arteenz/001/0movies/sira3_aljababirah.mp4,2024-08-22 00:31:18.919503+00,2024-08-22 00:31:18.919503+00,false
0088948f-2220-4501-a76c-d9bb8e888970,فتى المطرقة,https://i.imgur.com/M1oODLe.jpeg,https://cdn.arteenz.com/75441e2b95254493ab02a4e94d7710e9:arteenz/001/0movies/fta_alm6r8h.mp4,2024-08-22 20:13:53.563108+00,2024-08-22 20:13:53.563108+00,false
008b30cf-4fee-4ba9-a558-7821d3c685ae,إجازة مع تيمون وبومبا,https://i.imgur.com/Nlbdwll.png,https://ok.ru/videoembed/2062807665298,2024-08-31 09:39:12.139399+00,2024-08-31 09:39:12.139399+00,false
008d5609-030b-45bf-8e30-f36981d9f120,حكاية لعبة 3,https://i.imgur.com/PO0Yd3U.jpeg,https://zidwish.site/e/jg6xaafw887d,2024-08-31 15:22:43.740988+00,2024-08-31 15:22:43.740988+00,false
0095094e-1efd-440c-9a01-ad972d4ba564,مولان الجزء 2,https://i.imgur.com/bcMXnqu.jpeg,https://cdn.arteenz.com/75441e2b95254493ab02a4e94d7710e9:arteenz/001/0movies/mulan_s2.mp4,2024-08-22 20:11:29.451553+00,2024-08-22 20:11:29.451553+00,false
009529c1-3b5b-45e5-b487-5b5668b57f49,أخي الدب الجزء 2,https://i.imgur.com/B39th6S.jpeg,https://cdn.arteenz.com/75441e2b95254493ab02a4e94d7710e9:arteenz/001/0movies/brother_bear_2.mp4,2024-08-21 20:25:02.37243+00,2024-08-21 20:25:02.37243+00,true
0097c625-5238-4559-bf64-48c459878c74,الوطن,https://i.imgur.com/wtV09PP.jpeg,https://zidwish.site/e/bet4tffizpti,2024-09-01 12:04:34.722112+00,2024-09-01 12:04:34.722112+00,false
00982301-0ac7-4abb-98d9-20c233a5554c,عالم ميراكيولوس: الدعسوقة في نيويورك,https://i.imgur.com/jTSy6U6.jpeg,https://zidwish.site/e/991qql2q68bj,2024-08-31 17:31:06.708422+00,2024-08-31 17:31:06.708422+00,false
009d7a57-e96f-497d-a3f5-7a0732992085,الجميلة و الوحش,https://i.imgur.com/2Yr8PBB.jpeg,https://zidwish.site/e/9lj36odh1o2e,2024-08-31 17:17:32.599265+00,2024-08-31 17:17:32.599265+00,true
009d9838-93dd-415e-8034-fb803762dfcd,فوق,https://i.imgur.com/91GQkcZ.png,https://cdn.arteenz.com/75441e2b95254493ab02a4e94d7710e9:arteenz/001/0movies/up.mp4,2024-08-21 20:17:25.655606+00,2024-08-21 20:17:25.655606+00,false
00a06ea8-dfd0-4aff-8984-14c34ddedc64,المحقق كونان الفيلم الثالث,https://i.imgur.com/h2HuYPH.jpeg,https://cdn.arteenz.com/75441e2b95254493ab02a4e94d7710e9:arteenz/001/0movies/conan_film_03.mp4,2024-08-30 17:56:49.073116+00,2024-08-30 17:56:49.073116+00,false
00a233bb-c9fa-46a5-8b77-14d45e6f0dfb,فارس وفادي: البعد الثاني,https://i.imgur.com/glfOrXy.jpeg,"https://r2---sn-nv47zn7r.googlevideo.com/videoplayback?expire=1726742272&ei=4OLrZtjvJtOli9oPzq6ugAk&ip=45.94.5.63&id=ea7f3130b6a52630&itag=18&source=picasa&begin=0&requiressl=yes&xpc=EghoqJzIP3oBAQ==&mh=K0&mm=32&mn=sn-nv47zn7r&ms=su&mv=m&mvi=2&pl=24&sc=yes&susc=ph&app=fife&ic=0&eaua=7uvJa_zte9Y&pcm2=yes&mime=video/mp4&vprv=1&prv=1&rqh=1&dur=4419.546&lmt=1459759977017737&mt=1726734762&sparams=expire,ei,ip,id,itag,source,requiressl,xpc,susc,app,ic,eaua,pcm2,mime,vprv,prv,rqh,dur,lmt&sig=AJfQdSswRgIhAJXgT-07ZmNk1JofysFrimR5bPCeZl9PZYQmtlRqaz-RAiEAu8OK_2mBck-FN2P5fzPQDb2vcxsx1HNRdY_C57HdIbM=&lsparams=mh,mm,mn,ms,mv,mvi,pl,sc&lsig=ABPmVW0wRgIhAJl6sPML8fBrTsT8Tp7rc_awWfPz2_YwUAvAIuIE_q2dAiEAm3ImuT6sYyjcpEXXgtJmXEtaH2fw9GsD-vOjsupaAOk=",2024-08-31 15:08:38.750563+00,2024-08-31 15:08:38.750563+00,false
00a7bf40-dcf4-4dc7-bca8-964ac3ddb583,العصر الجليدي 2002,https://i.imgur.com/xewLwUt.jpeg,"https://zidwish.site/e/dieuflflguaz ",2024-09-01 12:02:36.176458+00,2024-09-01 12:02:36.176458+00,true
00a82459-59a2-4e92-9190-3e35ab441d1f,الأسد الحارس,https://i.imgur.com/ki6bNgq.jpeg,https://cdn.arteenz.com/75441e2b95254493ab02a4e94d7710e9:arteenz/001/0movies/the_lion_guard.mp4,2024-08-22 20:16:31.833397+00,2024-08-22 20:16:31.833397+00,false
00b08ce3-63bf-45a1-9cf4-3b07decf2ba0,كو زائر من المحيط,https://i.imgur.com/pAQYMv6.jpeg,https://cdn.arteenz.com/75441e2b95254493ab02a4e94d7710e9:arteenz/001/0movies/coo_za2r_alm7ee6.mp4,2024-08-30 17:51:51.162843+00,2024-08-30 17:51:51.162843+00,false
00b8a409-2990-4fb4-8c6e-a0502f797784,الأسد الملك الجزء 2,https://i.imgur.com/TCHBGuj.jpeg,https://cdn.arteenz.com/75441e2b95254493ab02a4e94d7710e9:arteenz/001/0movies/the_lion_king_s2.mp4,2024-08-30 17:46:07.148913+00,2024-08-30 17:46:07.148913+00,false
00b9916e-f9d2-4ee2-b847-fe5339ac63f1,الطيور الغاضبة الجزء 1,https://i.imgur.com/xTXk9Ue.jpeg,https://cdn.arteenz.com/75441e2b95254493ab02a4e94d7710e9:arteenz/001/0movies/angry_birds.mp4,2024-08-21 20:32:12.296021+00,2024-08-21 20:32:12.296021+00,true
00bbf5da-9f1f-4da1-8879-5a0605ee846b,البحث عن دوري,https://i.imgur.com/tqfk0Rv.jpeg,https://cdn.arteenz.com/75441e2b95254493ab02a4e94d7710e9:arteenz/001/0movies/finding_dory.mp4,2024-08-21 20:39:30.991509+00,2024-08-21 20:39:30.991509+00,true
00bc2ab9-b646-46ae-bf45-a5b238da6f4a,سبونج بوب سكوير بانتس,https://i.imgur.com/GnJp4Ya.jpeg,https://zidwish.site/e/ief5sijs0uau,2024-09-01 11:53:09.972016+00,2024-09-01 11:53:09.972016+00,false
00bcfead-5ad6-4a25-b5b9-fe3be6290dec,الاسير الهارب,https://i.imgur.com/L3Ft6Zc.png,https://cdn.arteenz.com/75441e2b95254493ab02a4e94d7710e9:arteenz/001/0movies/al2ser_alharb.mp4,2024-08-22 00:17:36.441132+00,2024-08-22 00:17:36.441132+00,false
00bdbcd9-171c-4376-8587-59dd6383efaa,الجميلة و الوحش 1997,https://i.imgur.com/EY3dEcc.jpeg,https://zidwish.site/e/ml89xshgk54t,2024-09-01 10:44:32.783239+00,2024-09-01 10:44:32.783239+00,true
00c31201-d5bf-4747-8225-6ad63dfe62e4,الخدعة : هوود في مواجهة الشر,https://i.imgur.com/4gWXADa.jpeg,https://mega.nz/embed/2CY0XTRT!fgGUZS8wmC8j35VevDQLb10Kg1BQ86J6n0PkyVM7New,2024-09-01 11:59:29.367731+00,2024-09-01 11:59:29.367731+00,false
00c6fb91-2484-4c4a-a772-987db58e2162,مينيونز,https://i.imgur.com/0zN2rZg.jpeg,https://cdn.arteenz.com/75441e2b95254493ab02a4e94d7710e9:arteenz/001/0movies/minions.mp4,2024-08-22 20:21:27.589141+00,2024-08-22 20:21:27.589141+00,false
00c8914c-6a2a-4c91-977a-a5845a0a4706,إشاعة القرش,https://i.imgur.com/36bRUMM.jpeg,"https://zidwish.site/e/3kus9ssfapu0 ",2024-09-01 12:08:27.683383+00,2024-09-01 12:08:27.683383+00,false
00cbe2da-5030-4fd1-b9bb-f76954e23525,صيف ميكي ماوس العجيب,https://i.imgur.com/RVKiwK2.jpeg,"https://zidwish.site/e/hy36hicjp96j ",2024-08-31 17:10:50.71134+00,2024-08-31 17:10:50.71134+00,true
00d32aeb-648e-46b2-93b8-2da7ccb6a411,ملكة الثلج الجزء 2,https://i.imgur.com/B15SdTp.jpeg,https://cdn.arteenz.com/75441e2b95254493ab02a4e94d7710e9:arteenz/001/0movies/frozen_s2.mp4,2024-08-22 00:23:13.813753+00,2024-08-22 00:23:13.813753+00,true
00d40f04-bcad-4dca-bf73-3fdfb4c5f960,ايلينا من آفالور,https://i.imgur.com/SB4tq6i.png,https://cdn.arteenz.com/75441e2b95254493ab02a4e94d7710e9:arteenz/001/0movies/elena_avalor.mp4,2024-08-22 00:02:23.022685+00,2024-08-22 00:02:23.022685+00,false
00d5f90d-0590-44ac-b1a5-eea0d77d5d7e,أنا الحقير 3 2017,https://i.imgur.com/ZvmgjK5.jpeg,https://zidwish.site/e/fb5yrhb7pi60,2024-09-01 11:38:50.089479+00,2024-09-01 11:38:50.089479+00,true
00d96e4d-88d2-4433-a8aa-a00ea8600b34,فيلم زوتوبيا,https://i.imgur.com/DB7l1Jz.jpeg,https://cdn.arteenz.com/75441e2b95254493ab02a4e94d7710e9:arteenz/001/0movies/zootopia.mp4,2024-08-21 20:14:47.788419+00,2024-08-21 20:14:47.788419+00,true
00dcd156-1ee5-4bf1-8dc4-9775bda4de73,أنا الحقير 2010,https://i.imgur.com/g1wxg9o.jpeg,https://zidwish.site/e/3k3okr3adl7o,2024-09-01 11:40:23.424857+00,2024-09-01 11:40:23.424857+00,true
00dd7c3f-1334-4cf1-bfea-b6dd22ae858d,شهد في مهمة خاصة,https://i.imgur.com/uvIrVlV.jpeg,https://zidwish.site/e/5cj6pbgvptrg,2024-08-31 15:02:04.201002+00,2024-08-31 15:02:04.201002+00,false
00de3457-9b5e-4f66-a8a8-9dba40b2e2da,بابار,https://i.imgur.com/U5S5HgT.jpeg,https://cdn.arteenz.com/75441e2b95254493ab02a4e94d7710e9:arteenz/001/0movies/babar.mp4,2024-08-22 00:03:18.378915+00,2024-08-22 00:03:18.378915+00,true
00de8740-9ffa-4ac5-b360-af42844b9865,مولان 2 2004,https://i.imgur.com/rrbTDtF.jpeg,"https://zidwish.site/e/ufb5wixxzvsc ",2024-09-01 10:49:57.131497+00,2024-09-01 10:49:57.131497+00,true
00df48ed-4f43-4dd1-9e24-bdc0cbf37b71,السندباد,https://i.imgur.com/OwM7mim.jpeg,https://cdn.arteenz.com/75441e2b95254493ab02a4e94d7710e9:arteenz/001/0movies/sinbad_2016.mp4,2024-08-21 12:30:32.446072+00,2024-08-21 12:30:32.446072+00,true
00e131e8-7293-42c1-9ca7-14681e9d4d8b,سبونج بوب خارج الماء,https://i.imgur.com/glb8cQm.jpeg,https://cdn.arteenz.com/75441e2b95254493ab02a4e94d7710e9:arteenz/001/0movies/spongebob_2015.mp4,2024-08-22 00:25:04.731155+00,2024-08-22 00:25:04.731155+00,false
00e34579-b986-4844-b262-8327948e919d,قلعة هاول المتحركة,https://i.imgur.com/GlF74gV.jpeg,https://cdn.arteenz.com/75441e2b95254493ab02a4e94d7710e9:arteenz/001/0movies/howls_moving_castle.mp4,2024-08-21 20:20:43.712207+00,2024-08-21 20:20:43.712207+00,false
00e8f48f-42a8-483c-b97b-7501f0ff83f0,الفأر المتحري,https://i.imgur.com/FNZhebo.jpeg,https://cdn.arteenz.com/75441e2b95254493ab02a4e94d7710e9:arteenz/001/0movies/the_great_mouse_detective.mp4,2024-08-30 16:47:45.624081+00,2024-08-30 16:47:45.624081+00,false
00ea7f29-8bdc-4c4c-be35-19079e8620da,العصر الجليدي 6,https://i.imgur.com/tG6hZjX.jpeg,"https://zidwish.site/e/wj9sdwge40fl ",2024-09-01 10:12:58.536373+00,2024-09-01 10:12:58.536373+00,true
00ece856-53be-46c8-839e-d6572a270eb0,منتزه العجائب,https://i.imgur.com/z98kd7p.jpeg,"https://zidwish.site/e/0mdcr9py7s5m ",2024-09-01 11:42:52.538039+00,2024-09-01 11:42:52.538039+00,false
00ed4701-1ea5-4762-b118-0186bfae50c4,القناص المهمة الاخيرة,https://i.imgur.com/9dZS4u5.jpeg,https://cdn.arteenz.com/75441e2b95254493ab02a4e94d7710e9:arteenz/001/0movies/hunter_x_hunter_the_last_mission.mp4,2024-08-21 19:21:43.281141+00,2024-08-21 19:21:43.281141+00,false
010704c7-870c-45b1-bb51-e3a29ad1b4ef,الباندا الاحمر الكبير,https://i.imgur.com/19Tgwx2.jpeg,https://cdn.arteenz.com/75441e2b95254493ab02a4e94d7710e9:arteenz/001/0movies/turning_red.mp4,2024-08-21 12:24:07.442211+00,2024-08-21 12:24:07.442211+00,false
01084646-fabb-4dd0-b61a-062812f4cad6,ملكة الثلج الجزء 1,https://i.imgur.com/XljeQ6d.jpeg,https://cdn.arteenz.com/75441e2b95254493ab02a4e94d7710e9:arteenz/001/0movies/frozen.mp4,2024-08-22 20:17:50.385006+00,2024-08-22 20:17:50.385006+00,false
010b0498-e4aa-4781-b315-258155a2925c,الحصان سبيرت الوفي,https://i.imgur.com/RP0ZlNK.jpeg,https://cdn.arteenz.com/75441e2b95254493ab02a4e94d7710e9:arteenz/001/0movies/spirit.mp4,2024-08-30 17:59:53.519337+00,2024-08-30 17:59:53.519337+00,false
010c5559-a53e-414d-8930-f65db42f7c6e,كتاب الأدغال,https://i.imgur.com/2eguDzl.jpeg,https://cdn.arteenz.com/75441e2b95254493ab02a4e94d7710e9:arteenz/001/0movies/the_jungle_book.mp4,2024-08-30 17:49:25.126969+00,2024-08-30 17:49:25.126969+00,false
010da7c1-7db5-418a-82b5-5cdf361ec7de,حياة الإمبراطور,https://i.imgur.com/NEc5OPy.jpeg,https://cdn.arteenz.com/75441e2b95254493ab02a4e94d7710e9:arteenz/001/0movies/emperors_new_groove.mp4,2024-08-30 16:24:54.34903+00,2024-08-30 16:24:54.34903+00,false
010df75b-e852-434a-b867-e5127491e891,أطلانتس عودة ميلو,https://i.imgur.com/OEFLqyD.jpeg,"https://zidwish.site/e/hybdu5p54tw5 ",2024-09-01 10:40:46.151357+00,2024-09-01 10:40:46.151357+00,true
010e7cf1-1dd2-403a-91d9-d03f4c3058e3,النبيلة والشارد الجزء 1,https://i.imgur.com/ESpIPQ1.jpeg,https://cdn.arteenz.com/75441e2b95254493ab02a4e94d7710e9:arteenz/001/0movies/lady_and_the_tramp_s1.mp4,2024-08-22 20:28:16.620295+00,2024-08-22 20:28:16.620295+00,false
01102450-974c-4710-a659-c800b31b619b,مغامرات سامي الجزء 2,https://i.imgur.com/rRNvjoM.jpeg,https://cdn.arteenz.com/75441e2b95254493ab02a4e94d7710e9:arteenz/001/0movies/sammy_adventure_s2.mp4,2024-08-22 20:18:59.936572+00,2024-08-22 20:18:59.936572+00,false
01182f4d-aaa1-459a-b656-030879d24d6e,الإعصار,https://i.imgur.com/YFWiPHX.jpeg,https://cdn.arteenz.com/75441e2b95254493ab02a4e94d7710e9:arteenz/001/0movies/al239ar.mp4,2024-08-30 18:03:55.351572+00,2024-08-30 18:03:55.351572+00,false
0119edb7-1193-4a87-9ddb-e0fce1f1d111,فيلم بامبي الجزء 1,https://i.imgur.com/h8Acge8.jpeg,https://cdn.arteenz.com/75441e2b95254493ab02a4e94d7710e9:arteenz/001/0movies/bambi_s1.mp4,2024-08-21 20:11:13.703523+00,2024-08-21 20:11:13.703523+00,false
01203faa-1235-4c3e-a36d-33f404892671,بلال,https://i.imgur.com/GFeo2Oc.jpeg,https://cdn.arteenz.com/75441e2b95254493ab02a4e94d7710e9:arteenz/001/0movies/bilal.mp4,2024-08-21 20:02:55.659091+00,2024-08-21 20:02:55.659091+00,true
0124a6e0-144f-4f0c-9dfe-3d93bb4809bb,المنقذون,https://i.imgur.com/bGN7soP.jpeg,https://cdn.arteenz.com/75441e2b95254493ab02a4e94d7710e9:arteenz/001/0movies/the_rescuers.mp4,2024-08-22 08:28:38.906168+00,2024-08-22 08:28:38.906168+00,false
0126edb1-9efd-4db4-bf86-095d0c5c7aa2,الغواصة 707,https://i.imgur.com/NT2AH2I.jpeg,https://cdn.arteenz.com/75441e2b95254493ab02a4e94d7710e9:arteenz/001/0movies/submarine_707r.mp4,2024-08-22 00:11:19.968974+00,2024-08-22 00:11:19.968974+00,false
0128ab2a-af49-460a-a965-dc5d008cfc5d,قطط ذوات,https://i.imgur.com/Yxqubr5.jpeg,https://cdn.arteenz.com/75441e2b95254493ab02a4e94d7710e9:arteenz/001/0movies/the_aristocats.mp4,2024-08-30 16:44:37.497698+00,2024-08-30 16:44:37.497698+00,false
0129aeb6-40eb-4699-88db-e1cb9a3ca849,ريو الجزء 2,https://i.imgur.com/3cHKWLU.jpeg,https://cdn.arteenz.com/75441e2b95254493ab02a4e94d7710e9:arteenz/001/0movies/rio_s2.mp4,2024-08-22 20:32:38.446016+00,2024-08-22 20:32:38.446016+00,false
012b48d6-6841-4906-8c4b-9f3b0455a552,مزرعة في خطر,https://i.imgur.com/o67w7zS.jpeg,https://cdn.arteenz.com/75441e2b95254493ab02a4e94d7710e9:arteenz/001/0movies/home_on_the_range.mp4,2024-08-21 20:30:44.623154+00,2024-08-21 20:30:44.623154+00,false
012edbdf-bd59-4dc6-a250-3660c6d932b6,حياة الإمبراطور الجديدة 2: حياة كرونك الجديدة,https://i.imgur.com/OoIYFEM.jpeg,"https://zidwish.site/e/88okvxqmyz0d ",2024-08-31 15:21:01.571009+00,2024-08-31 15:21:01.571009+00,false
012f69be-b6f9-496e-9f45-e1370b11df8f,بسبس في حكاية ملحمية,https://i.imgur.com/Cqel4kR.jpeg,https://cdn.arteenz.com/75441e2b95254493ab02a4e94d7710e9:arteenz/001/0movies/puss_in_book.mp4,2024-08-22 00:06:40.324688+00,2024-08-22 00:06:40.324688+00,false
012f7b23-13f7-44be-a080-5a514b07b431,الفول السوداني,https://i.imgur.com/lZRbg73.jpeg,https://cdn.arteenz.com/75441e2b95254493ab02a4e94d7710e9:arteenz/001/0movies/peanuts_movie.mp4,2024-08-30 16:35:31.722261+00,2024-08-30 16:35:31.722261+00,false
0132b9b1-67a4-44bc-bf85-874b4cf7cea1,حياة كرونك الجديدة,https://i.imgur.com/am8PEzs.jpeg,https://cdn.arteenz.com/75441e2b95254493ab02a4e94d7710e9:arteenz/001/0movies/kronks_new_groove.mp4,2024-08-22 21:40:10.152771+00,2024-08-22 21:40:10.152771+00,false
0137e765-a735-4a51-86e6-b367e1c2ab72,نغمة الآمل,https://i.imgur.com/nxOtuDl.jpeg,"https://mega.nz/embed/Fk8F0KIZ#gNbMDdx7ooEEa8caN0Stt8YWisdadqhS55Hb7HEX--c ",2024-08-31 17:22:04.174639+00,2024-08-31 17:22:04.174639+00,false
01392989-5784-4c9f-8fd0-75756230b3e1,فيلم آل كروودز 2: عصر جديد,https://i.imgur.com/NwNFpCc.jpeg,"https://zidwish.site/e/k407s0wq4fqh ",2024-09-01 11:44:20.625261+00,2024-09-01 11:44:20.625261+00,false
013bfc0e-0c20-4d82-8efb-333d687e9c8d,الأخ السابع,https://i.imgur.com/IDYGxMU.jpeg,https://cdn.arteenz.com/75441e2b95254493ab02a4e94d7710e9:arteenz/001/0movies/7brother.mp4,2024-08-21 20:34:09.579796+00,2024-08-21 20:34:09.579796+00,false
013c331f-dd55-44f6-a94f-96279ece958a,المحقق كونان الفيلم الرابع,https://i.imgur.com/d41cOmp.jpeg,https://cdn.arteenz.com/75441e2b95254493ab02a4e94d7710e9:arteenz/001/0movies/conan_film_04.mp4,2024-08-30 17:58:40.566682+00,2024-08-30 17:58:40.566682+00,false
013cdfe1-044e-4163-b38c-d289666ab0f9,أنا الحقير 2 2013,https://i.imgur.com/UovNcmX.jpeg,"https://zidwish.site/e/vahworh5g70x ",2024-09-01 11:36:29.424637+00,2024-09-01 11:36:29.424637+00,false
0143816d-40fd-4db2-8832-8811f0cc05e1,علاء الدين,https://i.imgur.com/9LvuV2x.jpeg,https://cdn.arteenz.com/75441e2b95254493ab02a4e94d7710e9:arteenz/001/0movies/aladdin2.mp4,2024-08-22 20:50:21.427531+00,2024-08-22 20:50:21.427531+00,false
01460c6f-4136-4de1-97a6-0f0bda97ccc7,بوكيمون ميوتو يضرب مجدداً,https://i.imgur.com/mQt6EVG.jpeg,https://cdn.arteenz.com/75441e2b95254493ab02a4e94d7710e9:arteenz/001/0movies/pokemon_mewtwo_strikes_back.mp4,2024-08-22 00:24:10.072942+00,2024-08-22 00:24:10.072942+00,false
0146512b-5c81-4785-9f44-00dc9e8262bc,الجميلة النائمة,https://i.imgur.com/Ed7Zh8g.jpeg,https://cdn.arteenz.com/75441e2b95254493ab02a4e94d7710e9:arteenz/001/0movies/sleeping_beauty.mp4,2024-08-30 16:39:53.455834+00,2024-08-30 16:39:53.455834+00,false
0149cd08-3f1d-412e-8ad8-6d261c6ce196,ملكة الثلج الجزء 1,https://i.imgur.com/dCEll70.jpeg,https://cdn.arteenz.com/75441e2b95254493ab02a4e94d7710e9:arteenz/001/0movies/the_snow_queen_s1.mp4,2024-08-21 20:41:55.32452+00,2024-08-21 20:41:55.32452+00,false
015265f3-691d-4c8c-a3a0-1d51d372566c,كونغ فو باندا الجزء 3,https://i.imgur.com/VaatBww.jpeg,https://cdn.arteenz.com/75441e2b95254493ab02a4e94d7710e9:arteenz/001/0movies/kung_fu_panda_s3.mp4,2024-08-21 20:23:37.567234+00,2024-08-21 20:23:37.567234+00,true
015bc6f3-bfbb-485c-9915-b97564ae7370,الأشقياء الثلاثة,https://i.imgur.com/BE9FA3k.jpeg,"https://zidwish.site/e/0iwqtptjmocq ",2024-08-31 17:04:14.997926+00,2024-08-31 17:04:14.997926+00,true
015e3ad6-265f-422d-b477-df9d860a95ba,عائلة روبنسون,https://i.imgur.com/FTZFe1z.jpeg,https://cdn.arteenz.com/75441e2b95254493ab02a4e94d7710e9:arteenz/001/0movies/meet_the_robinsons.mp4,2024-08-30 16:37:16.880088+00,2024-08-30 16:37:16.880088+00,false
016037fa-9e15-4714-a76e-557f44ea568f,الديناصور اللطيف,https://i.imgur.com/FXCRjDD.jpeg,https://cdn.arteenz.com/75441e2b95254493ab02a4e94d7710e9:arteenz/001/0movies/the_good_dinosaur.mp4,2024-08-30 17:42:00.699106+00,2024-08-30 17:42:00.699106+00,false
0163cb0c-b5ac-4cc1-bb34-0525b1d99321,قلعة في السماء,https://i.imgur.com/y2Eoa7k.jpeg,https://cdn.arteenz.com/75441e2b95254493ab02a4e94d7710e9:arteenz/001/0movies/castle_in_the_sky.mp4,2024-08-21 23:56:41.762732+00,2024-08-21 23:56:41.762732+00,true
0167d1c9-86b3-4403-835c-14c4379ed602,روبن هود,https://i.imgur.com/cDulVnO.jpeg,"https://ds2play.com/e/8e0q49tl1d1u ",2024-08-31 15:27:04.924168+00,2024-08-31 15:27:04.924168+00,false
016986bd-1d3d-47f7-97d7-4cb8d4bbebf4,فيلم ريو الجزء 1,https://i.imgur.com/KTTVVaF.jpeg,https://cdn.arteenz.com/75441e2b95254493ab02a4e94d7710e9:arteenz/001/0movies/rio_s1.mp4,2024-08-21 19:19:38.958252+00,2024-08-21 19:19:38.958252+00,true
016aa29d-752a-4c7c-a8fb-80f895d07cac,مدغشقر,https://i.imgur.com/om18ng4.jpeg,"https://zidwish.site/e/m384e1a32rjq ",2024-09-01 11:56:11.447916+00,2024-09-01 11:56:11.447916+00,false
016be43e-f29f-4b60-9421-fc8efc2f05eb,ويني دبدوب حفل الربيع,https://i.imgur.com/T7RGGD6.jpeg,https://cdn.arteenz.com/75441e2b95254493ab02a4e94d7710e9:arteenz/001/0movies/winnie_the_pooh_2004.mp4,2024-08-22 20:34:08.902354+00,2024-08-22 20:34:08.902354+00,false
016d0fba-c6b8-431c-8777-31afba01023f,العصر الجليدي المسار التصادمي,https://i.imgur.com/jyjuKUZ.png,https://cdn.arteenz.com/75441e2b95254493ab02a4e94d7710e9:arteenz/001/0movies/ice_age_collision_course.mp4,2024-08-21 20:38:31.100653+00,2024-08-21 20:38:31.100653+00,true
016e3fd9-4058-4323-9007-699a1d686a90,مسرح الحياة,https://i.imgur.com/K3NoHd1.jpeg,https://cdn.arteenz.com/75441e2b95254493ab02a4e94d7710e9:arteenz/001/0movies/msr7_al7yah.mp4,2024-08-30 18:14:17.809915+00,2024-08-30 18:14:17.809915+00,false
016ec05e-edd4-4635-be12-2c1a32423e6a,أخي الدب الجزء 1,https://i.imgur.com/Y6ZBAET.jpeg,https://cdn.arteenz.com/75441e2b95254493ab02a4e94d7710e9:arteenz/001/0movies/brother_bear_1.mp4,2024-08-21 20:26:18.305968+00,2024-08-21 20:26:18.305968+00,true
01759641-a7dc-45e7-83ba-8634762cd2d0,التنين الذهبي,https://i.imgur.com/efTpy7x.jpeg,https://cdn.arteenz.com/75441e2b95254493ab02a4e94d7710e9:arteenz/001/0movies/dragons_rescue_riders_m1.mp4,2024-08-21 19:24:35.365476+00,2024-08-21 19:24:35.365476+00,false
01811ca6-da0f-46e9-96ed-fc5bfa85061e,ترو: اماني الشتاء,https://i.imgur.com/2CvgOSs.jpeg,https://cdn.arteenz.com/75441e2b95254493ab02a4e94d7710e9:arteenz/001/0movies/true_winter_wishes.mp4,2024-08-21 12:22:29.833422+00,2024-08-21 12:22:29.833422+00,false
018176cc-8c23-4330-b21f-b6e3e0cb04da,الثعلب والكلب 2,https://i.imgur.com/KYM243D.jpeg,https://zidwish.site/e/y1jt9ep1t1dq,2024-08-31 15:11:02.168591+00,2024-08-31 15:11:02.168591+00,false
01889178-054f-4552-b5b2-d3167d1b4bc1,هايدي,https://i.imgur.com/2G5JtRL.jpeg,https://cdn.arteenz.com/75441e2b95254493ab02a4e94d7710e9:arteenz/001/0movies/heidi.mp4,2024-08-22 20:49:10.943253+00,2024-08-22 20:49:10.943253+00,false
01889529-b9c5-464d-88bc-8057f200b3ad,وول-ي,https://i.imgur.com/W8ylzAI.jpeg,https://cdn.arteenz.com/75441e2b95254493ab02a4e94d7710e9:arteenz/001/0movies/wall_e.mp4,2024-08-21 11:38:54.882608+00,2024-08-21 11:38:54.882608+00,false
018fc913-4cf8-48dd-8c38-64bfc364c9d9,فيلم سندريلا الجزء 3,https://i.imgur.com/TRx4lDm.jpeg,https://cdn.arteenz.com/75441e2b95254493ab02a4e94d7710e9:arteenz/001/0movies/cinderella_s3.mp4,2024-08-21 20:09:20.557328+00,2024-08-21 20:09:20.557328+00,false
018ff565-ba2c-4f9a-a6b3-1ea34a136a4d,بوكاهونتاس,https://i.imgur.com/WNfwc1x.jpeg,https://cdn.arteenz.com/75441e2b95254493ab02a4e94d7710e9:arteenz/001/0movies/pocahontas.mp4,2024-08-22 20:47:12.961763+00,2024-08-22 20:47:12.961763+00,false
0196651c-3831-43ab-b246-83bb2784c939,العطلة الصيفية,https://i.imgur.com/gtFnGvn.jpeg,https://zidwish.site/e/o3kh3fdv34b3,2024-08-31 09:20:55.278202+00,2024-08-31 09:20:55.278202+00,false
0197a6c5-725b-4525-99b7-c3ebe07a7a4d,فيلم سندريلا الجزء 2,https://i.imgur.com/4AOvwYS.jpeg,https://cdn.arteenz.com/75441e2b95254493ab02a4e94d7710e9:arteenz/001/0movies/cinderella_s2.mp4,2024-08-21 20:06:31.397322+00,2024-08-21 20:06:31.397322+00,false
01997a84-6c9d-4645-aa19-e86f08dd5382,الجرينش,https://i.imgur.com/0fLfmjc.png,https://cdn.arteenz.com/75441e2b95254493ab02a4e94d7710e9:arteenz/001/0movies/the_grinch.mp4,2024-08-21 11:31:44.048946+00,2024-08-21 11:31:44.048946+00,false
019f253c-b5ab-4ab2-be2e-58e7b81807b0,كوكب الكنز,https://i.imgur.com/ONOp4HX.jpeg,https://cdn.arteenz.com/75441e2b95254493ab02a4e94d7710e9:arteenz/001/0movies/kawkab_alknz.mp4,2024-08-30 16:42:47.145163+00,2024-08-30 16:42:47.145163+00,false
01a10869-83d5-4654-8046-60fb833c63dc,أحدب نوتردام,https://i.imgur.com/GNvya13.jpeg,https://cdn.arteenz.com/75441e2b95254493ab02a4e94d7710e9:arteenz/001/0movies/the_hunchback_of_notre_dame.mp4,2024-08-22 21:34:39.896705+00,2024-08-22 21:34:39.896705+00,false
01a2fd8d-b8f1-449c-8bfe-676d67a14cf2,المحاربون الصغار في عالم الانهيار,https://i.imgur.com/qjtVJiL.jpeg,https://cdn.arteenz.com/75441e2b95254493ab02a4e94d7710e9:arteenz/001/0movies/the_last_kids_on_earth.mp4,2024-08-22 00:19:10.96142+00,2024-08-22 00:19:10.96142+00,false
01a7d8ed-e495-4433-83cc-10c0fd1762bd,حياة مصباح,https://i.imgur.com/mDR2heA.jpeg,https://ds2play.com/e/eqtdut2fpvj8,2024-08-31 09:41:24.387586+00,2024-08-31 09:41:24.387586+00,false
01ace2d6-2e9a-4053-b601-be86c51d4a92,السيف العجيب,https://i.imgur.com/R7oB9OY.jpeg,https://cdn.arteenz.com/75441e2b95254493ab02a4e94d7710e9:arteenz/001/0movies/the_sword_in_the_stone.mp4,2024-08-22 20:29:37.466232+00,2024-08-22 20:29:37.466232+00,false
01af200c-c6a0-4d43-abd1-a86cffcbb8c1,السنافر القرية المفقودة,https://i.imgur.com/2VeO0RI.jpeg,https://cdn.arteenz.com/75441e2b95254493ab02a4e94d7710e9:arteenz/001/0movies/smurfs_lost_village.mp4,2024-08-21 17:00:04.497099+00,2024-08-21 17:00:04.497099+00,false
01af37d4-798f-41c0-89d8-888bfbaa07ed,منزل لاود 2021,https://i.imgur.com/4JdkGye.jpeg,https://www.ok.ru/videoembed/8109222005429,2024-09-01 12:06:35.968836+00,2024-09-01 12:06:35.968836+00,false
01b2f22d-6552-449e-934c-3c51093a6f86,فيلم الأميرة النائمة 1959,https://i.imgur.com/xpccMdK.jpeg,https://ds2play.com/e/uggtw3eetkst,2024-09-01 10:33:10.878925+00,2024-09-01 10:33:10.878925+00,true
01b32c4a-6333-47a9-8dee-9e0ffa6d02e5,فيلم ليلو وستيتش الجزء 2,https://i.imgur.com/TfAjDWZ.jpeg,https://cdn.arteenz.com/75441e2b95254493ab02a4e94d7710e9:arteenz/001/0movies/lilo_and_stitch_s2.mp4,2024-08-30 17:44:32.130761+00,2024-08-30 17:44:32.130761+00,false
01b3d4a4-c7ab-4800-95f2-0d4641ada1f3,سندباد,https://i.imgur.com/AMnHLeu.jpeg,https://cdn.arteenz.com/75441e2b95254493ab02a4e94d7710e9:arteenz/001/0movies/sinbad.mp4,2024-08-22 20:46:05.877216+00,2024-08-22 20:46:05.877216+00,false
01b3e80f-c013-4d5f-800a-baed6f6acd55,فيلم النبيلة والشارد,https://i.imgur.com/iI5J1KZ.jpeg,"https://zidwish.site/e/mkhwg9vcsyfo ",2024-08-31 17:20:00.228446+00,2024-08-31 17:20:00.228446+00,false
01b761be-373d-489d-885c-4dac81ffa4e4,النبيلة والشارد 2: انطلاقة سهم,https://i.imgur.com/BMrxuHP.jpeg,"https://zidwish.site/e/p5p9ney8yfsr ",2024-08-31 16:44:13.336929+00,2024-08-31 16:44:13.336929+00,false
01b9eabb-4821-4d83-82b6-64270cbfa77c,زوتروبوليس,https://i.imgur.com/8aLlrOL.jpeg,https://zidwish.site/e/aizxfsryy333,2024-08-31 15:17:12.877896+00,2024-08-31 15:17:12.877896+00,false
01ba16fb-c6f0-440e-904f-295e4db367a8,فيلم خريف ميكي ماوس العجيب,https://i.imgur.com/SgfFcbU.jpeg,"https://zidwish.site/e/qxz2watylu9m ",2024-08-31 17:16:01.453417+00,2024-08-31 17:16:01.453417+00,true
01bc636a-72a2-4ef2-8153-05d859d19da5,عائلة كروودز,https://i.imgur.com/6HSOOMo.png,https://cdn.arteenz.com/75441e2b95254493ab02a4e94d7710e9:arteenz/001/0movies/the_croods.mp4,2024-08-22 20:25:32.448097+00,2024-08-22 20:25:32.448097+00,false
01bd5acc-262d-47b9-83a4-ecb027b9d6b1,الطائرات,https://i.imgur.com/GAkVsih.jpeg,https://cdn.arteenz.com/75441e2b95254493ab02a4e94d7710e9:arteenz/001/0movies/planes.mp4,2024-08-22 20:37:58.22433+00,2024-08-22 20:37:58.22433+00,false
01bfe167-c5e5-41f6-8005-0c8147792690,فيرديناند,https://i.imgur.com/wr0JM3L.jpeg,https://zidwish.site/e/dg4epgef1owi,2024-08-22 00:08:50.905262+00,2024-08-22 00:08:50.905262+00,true
01c39cbb-01de-4023-8d24-be6c44f273de,ديناصور,https://i.imgur.com/UYt0DV4.jpeg,"https://zidwish.site/e/2jkylideojc8 ",2024-08-31 09:44:04.006+00,2024-08-31 09:44:04.006+00,false
01c3e12e-295e-4ad2-ab4f-0ff8b827ddea,حياة حشرة,https://i.imgur.com/cVjDu9a.jpeg,https://zidwish.site/e/ml2gehz48r3b,2024-08-31 09:12:39.524988+00,2024-08-31 09:12:39.524988+00,false
01cb904c-1fdd-44e4-acf1-211c9ba64a47,وحش البحار,https://i.imgur.com/hlYXykv.jpeg,https://cdn.arteenz.com/75441e2b95254493ab02a4e94d7710e9:arteenz/001/0movies/the_sea_beast.mp4,2024-08-21 11:37:45.801815+00,2024-08-21 11:37:45.801815+00,false
01cf39d4-21b5-4668-9d70-3f430f5addab,بيضاء الثلج,https://i.imgur.com/17eUV5P.jpeg,https://cdn.arteenz.com/75441e2b95254493ab02a4e94d7710e9:arteenz/001/0movies/snow_white.mp4,2024-08-22 20:44:57.191625+00,2024-08-22 20:44:57.191625+00,false
01d2433c-8167-44a9-93bf-7f0cde616421,الأميرة البجعة,https://i.imgur.com/EIGe7ST.jpeg,"https://zidwish.site/e/bojjvd7gb5ef ",2024-08-31 15:06:26.111103+00,2024-08-31 15:06:26.111103+00,false
01d5c857-0aec-4c00-b049-81f1a852b0e2,سيارات 3,https://i.imgur.com/B2QV2mP.jpeg,https://cdn.arteenz.com/75441e2b95254493ab02a4e94d7710e9:arteenz/001/0movies/cars_3.mp4,2024-08-21 23:53:53.586458+00,2024-08-21 23:53:53.586458+00,false
01dabd22-59fe-4c54-894e-76a5ac12f766,رابونزل في تبات ونبات,https://i.imgur.com/Vri7N8n.jpeg,https://streamwish-t4an.store/e/n2lzsk3mvvne,2024-08-31 16:49:57.086138+00,2024-08-31 16:49:57.086138+00,true
01daf013-ad82-47b9-9b9f-5a2c2388857a,ديسبيكبل مي الجزء 2,https://i.imgur.com/Ue3YbJZ.jpeg,https://zidwish.site/e/vahworh5g70x,2024-08-21 11:10:17.475693+00,2024-08-21 11:10:17.475693+00,true
01dd85f0-0517-4f75-a864-df0a9460fc32,التوابع 2015,https://i.imgur.com/9PbjAXB.jpeg,"https://zidwish.site/e/h6a4f1j9baps ",2024-09-01 11:46:15.589097+00,2024-09-01 11:46:15.589097+00,true
01dffcf8-ea12-4f03-8514-3ee3b3758cd4,مغامرة لاكي لوك,https://i.imgur.com/LRzLO7F.jpeg,https://cdn.arteenz.com/75441e2b95254493ab02a4e94d7710e9:arteenz/001/0movies/lucky_luke_adventure.mp4,2024-08-22 20:22:19.850848+00,2024-08-22 20:22:19.850848+00,false
01f19fbf-1073-4001-8103-b2cb2bc13597,الأسد الملك الجزء 3,https://i.imgur.com/1db4iaz.jpeg,https://cdn.arteenz.com/75441e2b95254493ab02a4e94d7710e9:arteenz/001/0movies/the_lion_king_s3.mp4,2024-08-30 16:31:50.498217+00,2024-08-30 16:31:50.498217+00,false
01f1fd8d-3e52-4658-8ab5-33b67c305ad5,فيلم سندريلا الجزء 1,https://i.imgur.com/gpSvYty.png,https://cdn.arteenz.com/75441e2b95254493ab02a4e94d7710e9:arteenz/001/0movies/cinderella_s1.mp4,2024-08-21 20:05:28.899085+00,2024-08-21 20:05:28.899085+00,false
01f336c4-4402-4068-9140-87e8315e71a0,الباندا الأحمر الكبير,https://i.imgur.com/zwrNwUz.jpeg,"https://zidwish.site/e/6vlj99x66haj ",2024-09-01 10:11:30.685218+00,2024-09-01 10:11:30.685218+00,false
01f58d4d-78e2-470d-af08-009862a7ac71,مئة مرقش ومرقش,https://i.imgur.com/BIYsiBm.jpeg,https://zidwish.site/e/6ucf71nd10p1,2024-08-30 21:56:03.584451+00,2024-08-30 21:56:03.584451+00,false
01f82d9e-22a8-4ecc-b6ed-20c01eeacf25,مطر من نار,https://i.imgur.com/0wd4pb3.png,https://cdn.arteenz.com/75441e2b95254493ab02a4e94d7710e9:arteenz/001/0movies/m6r_mn_nar.mp4,2024-08-30 18:09:45.430885+00,2024-08-30 18:09:45.430885+00,false
01fcf8ad-d78e-489d-be24-c8734895bdea,العصر الجليدي الجزء 4,https://i.imgur.com/8LYKR56.jpeg,https://cdn.arteenz.com/75441e2b95254493ab02a4e94d7710e9:arteenz/001/0movies/ice_age_s4.mp4,2024-08-22 08:32:31.503966+00,2024-08-22 08:32:31.503966+00,false
0200c869-4ac4-463e-adef-1dda4d5d669f,صراع 22 مع كوكب الأرض,https://i.imgur.com/vCRkWZH.jpeg,https://zidwish.site/e/vxafqp0hhbtc,2024-08-31 09:05:32.535879+00,2024-08-31 09:05:32.535879+00,false
0203088c-0327-4ba2-b2e7-dfc896485c11,بولت,https://i.imgur.com/SZVko2i.jpeg,https://d0000d.com/e/2vxy3b0r379h,2024-08-31 15:29:32.904614+00,2024-08-31 15:29:32.904614+00,false
02031035-d22b-4942-8d01-f57f0f7123c1,قبر اليراعات,https://i.imgur.com/y4Mpx4L.jpeg,https://cdn.arteenz.com/75441e2b95254493ab02a4e94d7710e9:arteenz/001/0movies/grave_of_the_firefly.mp4,2024-08-22 00:21:27.907977+00,2024-08-22 00:21:27.907977+00,false
0203c7aa-673a-4ce8-beec-8fe8d70e0f75,كتاب الأدغال 2016,https://i.imgur.com/3c0ZiMQ.jpeg,https://zidwish.site/e/ojxi4hxdxppt,2024-09-01 10:38:47.264418+00,2024-09-01 10:38:47.264418+00,true
020643cd-367e-4a14-bee5-c4796cf2f70e,صديقك الفأر,https://i.imgur.com/k7o26IW.jpeg,"https://ds2play.com/e/prr40o45h5xk ",2024-08-31 17:34:58.637524+00,2024-08-31 17:34:58.637524+00,true
020b1e8c-b913-4177-9985-7ee8ac3b8c6d,مولان الجزء 1,https://i.imgur.com/rVC4iQw.jpeg,https://cdn.arteenz.com/75441e2b95254493ab02a4e94d7710e9:arteenz/001/0movies/mulan_s1.mp4,2024-08-22 20:12:44.220434+00,2024-08-22 20:12:44.220434+00,false
020d3315-93ed-4568-9841-da6c5135ada2,حمى الجليد,https://i.imgur.com/tCWT4sm.jpeg,https://cdn.arteenz.com/75441e2b95254493ab02a4e94d7710e9:arteenz/001/0movies/frozen_fever.mp4,2024-08-22 20:51:05.624603+00,2024-08-22 20:51:05.624603+00,false
020e1e42-dab4-4811-ad7e-f58eefb1e93e,توربو,https://i.imgur.com/nImxBx1.jpeg,https://cdn.arteenz.com/75441e2b95254493ab02a4e94d7710e9:arteenz/001/0movies/turbo.mp4,2024-08-21 20:12:53.160212+00,2024-08-21 20:12:53.160212+00,true
020e2c1d-0870-4292-a04f-d551046bf3e4,الرحلة,https://i.imgur.com/UHb82nv.jpeg,https://cdn.arteenz.com/75441e2b95254493ab02a4e94d7710e9:arteenz/001/0movies/alr7lah.mp4,2024-08-22 00:25:51.200685+00,2024-08-22 00:25:51.200685+00,false
020e6e16-1da8-4315-9d8e-3d7f908fcbee,طائرات الإنقاذ,https://i.imgur.com/bVwZuHn.jpeg,https://cdn.arteenz.com/75441e2b95254493ab02a4e94d7710e9:arteenz/001/0movies/paw_patrol_jet_rescue.mp4,2024-08-21 18:06:47.100014+00,2024-08-21 18:06:47.100014+00,false
020f96e4-3dda-402f-be72-f108135ca22a,بوكاهونتاس 2,https://i.imgur.com/fFK5HuI.jpeg,https://zidwish.site/e/yozx8f392juc,2024-08-31 09:15:24.607701+00,2024-08-31 09:15:24.607701+00,false
02124efc-9a38-47ec-8171-f6c9e92a72de,العصر الجليدي الجزء 1,https://i.imgur.com/beij5n9.jpeg,https://cdn.arteenz.com/75441e2b95254493ab02a4e94d7710e9:arteenz/001/0movies/ice_age_s1.mp4,2024-08-22 08:35:27.100199+00,2024-08-22 08:35:27.100199+00,false
02154358-e438-404b-977d-0ab84c3274af,زينة ونحول,https://i.imgur.com/IGkbU6h.jpeg,https://cdn.arteenz.com/75441e2b95254493ab02a4e94d7710e9:arteenz/001/0movies/zaina_wa_nhool.mp4,2024-08-22 20:43:36.338074+00,2024-08-22 20:43:36.338074+00,false
02174b78-36c8-46fc-8b71-4afc303ccedb,إنكانتو,https://i.imgur.com/Pcjqp0O.jpeg,https://zidwish.site/e/gohao0omjkb3,2024-08-31 09:08:46.6441+00,2024-08-31 09:08:46.6441+00,false
0218d6e2-b2bf-4076-a101-cb446c9b6910,غائم مع احتمال سقوط كرات اللحم,https://i.imgur.com/MHfICRc.jpeg,"https://zidwish.site/e/rnm92w4vj706 ",2024-09-01 12:10:53.472664+00,2024-09-01 12:10:53.472664+00,false
021a0e14-dac6-4b63-9bfb-bcdfcf225330,الأمير النبيل,https://i.imgur.com/GcLmWFj.jpeg,https://cdn.arteenz.com/75441e2b95254493ab02a4e94d7710e9:arteenz/001/0movies/al2mer_alnbeel.mp4,2024-08-21 20:40:22.224821+00,2024-08-21 20:40:22.224821+00,false
021e7ff6-c5e5-405e-acef-12ac1c434d8f,مغامرات إكابود والسيد تود,https://i.imgur.com/f6kYoRv.jpeg,https://cdn.arteenz.com/75441e2b95254493ab02a4e94d7710e9:arteenz/001/0movies/ichabod_and_mr_toad.mp4,2024-08-21 23:55:18.347873+00,2024-08-21 23:55:18.347873+00,false
021ec9e9-fa85-412a-b34a-d4b0620ae7a4,سيارة مارد الجديدة,https://i.imgur.com/eUy25dh.jpeg,"https://zidwish.site/e/7jdyp6k3ix49 ",2024-08-31 16:43:02.504251+00,2024-08-31 16:43:02.504251+00,false
021f87d8-3f02-40f4-9f38-2de96610b045,كونغ فو باندا الجزء 1,https://i.imgur.com/Bz50m00.jpeg,https://cdn.arteenz.com/75441e2b95254493ab02a4e94d7710e9:arteenz/001/0movies/kung_fu_panda_s1.mp4,2024-08-30 16:51:30.828836+00,2024-08-30 16:51:30.828836+00,false
02242fc7-584b-4421-b715-71cfed12fdd2,رابونزل 2 :خطوات إلى السعادة,https://i.imgur.com/3HcNhf5.png,"https://zidwish.site/e/ch5hdhp56ovc ",2024-08-31 09:49:28.376809+00,2024-08-31 09:49:28.376809+00,false
0227559b-db75-4abb-ad7e-d427cae34367,النبيلة والشارد,https://i.imgur.com/iI5J1KZ.jpeg,"https://zidwish.site/e/mkhwg9vcsyfo ",2024-08-31 16:48:21.45497+00,2024-08-31 16:48:21.45497+00,true
022aa00a-1ebc-4b63-a2f3-9042504e3268,بطاريق مدغشقر,https://i.imgur.com/0GuubBY.jpeg,"https://zidwish.site/e/5tu774235vl2 ",2024-09-01 11:57:34.369809+00,2024-09-01 11:57:34.369809+00,false
022b4ec7-23a8-468b-bfab-02984ba98177,العصر الجليدي الجزء 3,https://i.imgur.com/DYUj86C.jpeg,https://cdn.arteenz.com/75441e2b95254493ab02a4e94d7710e9:arteenz/001/0movies/ice_age_s3.mp4,2024-08-22 08:33:44.975154+00,2024-08-22 08:33:44.975154+00,false
022d7358-8e2e-4ee8-ae9c-f4e07920dc15,ويني دبدوب,https://i.imgur.com/8VmjT6u.jpeg,https://cdn.arteenz.com/75441e2b95254493ab02a4e94d7710e9:arteenz/001/0movies/winnie_the_pooh_2011.mp4,2024-08-22 20:35:44.246927+00,2024-08-22 20:35:44.246927+00,false
022d777b-db39-4bc1-b0df-3569f05a3526,عصابة القراصنة التعساء,https://i.imgur.com/Xm3SkTl.jpeg,https://cdn.arteenz.com/75441e2b95254493ab02a4e94d7710e9:arteenz/001/0movies/the_pirates_band_of_misfits.mp4,2024-08-21 11:34:03.113295+00,2024-08-21 11:34:03.113295+00,false
022ea113-99b8-4bc2-90b7-590a3e38b192,ديسبيكبل مي الجزء 1,https://i.imgur.com/4awsipA.jpeg,https://zidwish.site/e/3k3okr3adl7o,2024-08-21 11:13:20.093885+00,2024-08-21 11:13:20.093885+00,true
0230d01c-b522-4703-9b5d-102fd410f4f8,عودة رياح الشمال,https://i.imgur.com/Y9iMqDd.jpeg,https://cdn.arteenz.com/75441e2b95254493ab02a4e94d7710e9:arteenz/001/0movies/reya7_alshamal_s2.mp4,2024-08-22 20:23:29.89481+00,2024-08-22 20:23:29.89481+00,false
0232accb-d5a1-48ab-ac0a-569e147f2f65,حكاية لعبة 4,https://i.imgur.com/byUWB3v.jpeg,"https://ds2play.com/e/qzkowg0lruvy ",2024-09-01 10:03:25.88923+00,2024-09-01 10:03:25.88923+00,false
02353046-0c12-4aa6-8b7a-1d81f413f8d8,جامعة المرعبين,https://i.imgur.com/K706NT3.jpeg,https://zidwish.site/e/egp6h5qvg8f4,2024-08-31 09:18:02.243411+00,2024-08-31 09:18:02.243411+00,false
023a9529-d177-4a71-9cc8-65c0f8489119,ماركو,https://i.imgur.com/4ir5N0Y.png,https://cdn.arteenz.com/75441e2b95254493ab02a4e94d7710e9:arteenz/001/0movies/marco_1999.mp4,2024-08-21 10:50:00.008584+00,2024-08-21 10:50:00.008584+00,false
023bb370-46c9-4576-9994-8f91f4e5dfd1,هرقل,https://i.imgur.com/U3XafFj.jpeg,https://cdn.arteenz.com/75441e2b95254493ab02a4e94d7710e9:arteenz/001/0movies/hercules.mp4,2024-08-22 21:38:53.333936+00,2024-08-22 21:38:53.333936+00,false
0240e888-21e8-4a58-80ed-3dcfd43c98b7,كونغ فو باندا الجزء 2,https://i.imgur.com/8eyFXKy.jpeg,https://cdn.arteenz.com/75441e2b95254493ab02a4e94d7710e9:arteenz/001/0movies/kung_fu_panda_s2.mp4,2024-08-30 17:40:45.201197+00,2024-08-30 17:40:45.201197+00,false
0240f424-6ee5-44eb-9258-5ac6cdf1a722,سندباد اسطورة البحار السبعة,https://i.imgur.com/yrFzPC8.jpeg,https://cdn.arteenz.com/75441e2b95254493ab02a4e94d7710e9:arteenz/001/0movies/sinbad_legend_7_seas.mp4,2024-08-22 20:20:10.877297+00,2024-08-22 20:20:10.877297+00,false
0241de33-f2a7-45cd-b963-bc71ab1875cd,مغامرات المنقذون,https://i.imgur.com/Ks7CZCJ.jpeg,"https://zidwish.site/e/02boxgbxl55z ",2024-08-31 09:52:55.110022+00,2024-08-31 09:52:55.110022+00,false
024434f4-528f-49d2-8f05-c942e7361ac3,الكنز المفقود,https://i.imgur.com/e1e4yy2.jpeg,https://cdn.arteenz.com/75441e2b95254493ab02a4e94d7710e9:arteenz/001/0movies/keanz_almalek_salamon.mp4,2024-08-21 23:57:56.523668+00,2024-08-21 23:57:56.523668+00,false
02465fe5-b2ed-45a8-96fc-f54522e11e07,طرزان,https://i.imgur.com/aSCDFNp.png,https://1g1cvx6.zfghrew10.shop/to3qq37jjnvsy46b3xlgxo5ak26hkfr3wrcfwlv3xcbvyregvjh7o342n63q/v.mp4,2024-08-31 15:13:39.745589+00,2024-08-31 15:13:39.745589+00,false
0247b211-7580-47e2-98c4-1c5709e3030d,رايا والتنين الاخير,https://i.imgur.com/E2AUAE7.jpeg,https://cdn.arteenz.com/75441e2b95254493ab02a4e94d7710e9:arteenz/001/0movies/raya_and_the_last_dragon.mp4,2024-08-21 11:29:50.849089+00,2024-08-21 11:29:50.849089+00,false
02493770-1b09-4646-b454-2ce90c933166,هورتون يسمع من,https://i.imgur.com/aGjzKJC.jpeg,https://cdn.arteenz.com/75441e2b95254493ab02a4e94d7710e9:arteenz/001/0movies/horton_hears_a_who.mp4,2024-08-22 08:31:11.452479+00,2024-08-22 08:31:11.452479+00,false
024aaf03-acfa-4754-a128-8831e14e7877,ليلو وستيتش الجزء 1,https://i.imgur.com/6OhC1vJ.jpeg,https://cdn.arteenz.com/75441e2b95254493ab02a4e94d7710e9:arteenz/001/0movies/lilo_and_stitch_s1.mp4,2024-08-30 17:43:46.45911+00,2024-08-30 17:43:46.45911+00,false
024ba7b3-5441-466b-b147-ee4226b08af7,أوليفر تويست,https://i.imgur.com/SuQPeb1.jpeg,https://cdn.arteenz.com/75441e2b95254493ab02a4e94d7710e9:arteenz/001/0movies/oliver_twist.mp4,2024-08-30 18:11:38.108935+00,2024-08-30 18:11:38.108935+00,false
024faae9-3707-4da6-9682-db39e5a2082f,السيد بيبودي وشيرمان,https://i.imgur.com/SXK730A.jpeg,https://cdn.arteenz.com/75441e2b95254493ab02a4e94d7710e9:arteenz/001/0movies/mr_peabody_and_sherman.mp4,2024-08-22 20:30:54.887535+00,2024-08-22 20:30:54.887535+00,false
0250f2ad-6f57-4fd7-8c01-d22763edf9a6,دراغون بول المغامرة الغامضة,https://i.imgur.com/1KwZUHR.jpeg,https://cdn.arteenz.com/75441e2b95254493ab02a4e94d7710e9:arteenz/001/0movies/dragon_ball_movie_3.mp4,2024-08-21 20:00:21.290249+00,2024-08-21 20:00:21.290249+00,false
02534de3-4b1f-4d71-84bc-1ecae98b57be,المنقذون في أستراليا,https://i.imgur.com/dyqD9md.jpeg,"https://zidwish.site/e/17pdmz69ymrv ",2024-08-31 09:54:23.923938+00,2024-08-31 09:54:23.923938+00,false
02580f54-1866-4685-8c39-69b0f3fca2b8,عائلة ميتشل في مواجهة الآلات,https://i.imgur.com/LwCRBIs.jpeg,https://cdn.arteenz.com/75441e2b95254493ab02a4e94d7710e9:arteenz/001/0movies/mitchells_vs_machines.mp4,2024-08-21 18:05:26.125143+00,2024-08-21 18:05:26.125143+00,false
025cd944-2042-484d-917c-378e343d372a,طرزان 2,https://i.imgur.com/mAL9ZuY.jpeg,"https://zidwish.site/e/ub1ve40rlfl8 ",2024-08-31 17:33:02.66876+00,2024-08-31 17:33:02.66876+00,true
025da5b0-ad60-414a-9740-814a77587be8,على العشاء مع تيمون وبومبا,https://i.imgur.com/gSQ1yP3.jpeg,https://zidwish.site/e/72xsm91dz709,2024-08-31 09:33:27.254324+00,2024-08-31 09:33:27.254324+00,false
03108748-3d7b-4cff-ad52-e5e38631a3ed,الجميلة و الوحش العالم السحري لبيلا,https://i.imgur.com/vRhxpgQ.jpeg,https://zidwish.site/e/py5zg36b37j2,2024-09-19 09:37:37.186311+00,2024-09-19 09:37:37.186311+00,true
0fa192cf-1977-4d28-87ba-60c140fc8ff0,مزيد من مغامرات بندق,https://i.imgur.com/3I6orQ1.jpeg,https://zidwish.site/e/6gxmhpgxwxw7,2024-09-18 15:50:15.499658+00,2024-09-18 15:50:15.499658+00,false
1654c76c-fb01-402b-9e41-b9eeb85331e2,دراغون بول الأميرة النائمة في قلعة الشر,https://i.imgur.com/fOXw3NC.png,https://zidwish.site/e/6c1phppjhqmf,2024-09-19 13:22:17.621394+00,2024-09-19 13:22:17.621394+00,false
233fadce-6b3d-4ef6-b33b-f8f7048e30be,المحقق كونان 22: جلاد زيرو,https://i.imgur.com/gkH3MJf.png,https://ds2play.com/e/m7lu0qucf6jl,2024-09-19 19:38:48.15046+00,2024-09-19 19:38:48.15046+00,false
26d5f76c-b5a7-483d-a7e5-a55a68a9ec3a,فيلم ابق بجانبي يا عبقور 2,https://i.imgur.com/4DZtLMw.jpeg,https://zidwish.site/e/613vq4cage73,2024-09-19 09:29:05.605373+00,2024-09-19 09:29:05.605373+00,false
38406aad-9182-436a-b3a1-880d19136bc8,الجميلة والوحش 1991,https://i.imgur.com/Bw9YByy.jpeg,https://zidwish.site/e/9lj36odh1o2e,2024-09-19 09:43:58.257719+00,2024-09-19 09:43:58.257719+00,true
3ed520b7-00e9-4647-ad6d-38fac81ccb4b,تنين أبي,https://i.imgur.com/JK1sSdH.jpeg,https://zidwish.site/e/ftrgxsm04k7l,2024-09-18 17:37:04.585954+00,2024-09-18 17:37:04.585954+00,false
535f4aa5-5c33-4fc0-ae3e-010db0342586,القصر العائم,https://i.imgur.com/dEzQApJ.jpeg,https://drive.google.com/file/d/1ZGCFOnuJk1cvilNYau6BEhi0ZBTYqJj2/preview,2024-09-19 19:00:25.550323+00,2024-09-19 19:00:25.550323+00,false
55968f88-ee6b-4094-a513-7e4e5758251d,كتاب الأدغال 2,https://i.imgur.com/VHUh0ut.jpeg,https://ds2play.com/e/0gfaxxmphgo1,2024-09-20 10:06:54.798085+00,2024-09-20 10:06:54.798085+00,false
65034d31-0015-4164-960f-e81d8e474ae1,الأميرة مونونوكي,https://i.imgur.com/2YCNpDt.png,https://zidwish.site/e/eh50rottd15d,2024-09-19 13:26:50.246068+00,2024-09-19 13:26:50.246068+00,false
6db7cfeb-af29-44a3-92ae-3b5a10075d03,الأميرة والضفدع,https://i.imgur.com/I4cdCSP.png,https://zidwish.site/e/gbsosomcd55z,2024-09-19 13:12:58.97982+00,2024-09-19 13:12:58.97982+00,false
6e08a726-cfa6-4563-886b-bff302326259,الأسد الحارس عودة الزئير,https://i.imgur.com/V3r1ja9.jpeg,https://stardima.vip/watch/player/player.php?slug=mfc4jXrNgp3QARZC,2024-09-19 19:17:41.435498+00,2024-09-19 19:17:41.435498+00,false
7d64cef5-87f7-4c0a-b15b-fdfbef454960,فيلم The Swan Princess: Far Longer Than Forever 2023,https://i.imgur.com/JqC9GHZ.jpeg,https://listeamed.net/e/Ro7kOVX40qxZWBn,2024-09-19 13:32:07.931602+00,2024-09-19 13:32:07.931602+00,false
8b13ed9d-4598-454b-b8f6-839b005280d7,دامبو,https://i.imgur.com/1l9sbQv.png,https://vidhide-t4an.store/v/yayi0y4of96p,2024-09-19 18:53:28.975862+00,2024-09-19 18:53:28.975862+00,false
a2ef3692-63c5-4f10-afe7-59a357ffe42d,آل ويلوبيس,https://i.imgur.com/eO4p1k4.jpeg,https://ds2play.com/e/hetgdvgj8cih,2024-09-20 10:10:35.538065+00,2024-09-20 10:10:35.538065+00,false
a9675ec2-e260-43f1-bb49-3a769bf3133c,مدغشقر الهروب لأفريقيا,https://i.imgur.com/EoO5EOS.jpeg,https://vidhide-t4an.store/v/cd0q4ybqclvz,2024-09-20 09:32:05.83352+00,2024-09-20 09:32:05.83352+00,false
af46492d-887a-46ac-94c7-d431e4615ad3,حكاية لعبة,https://i.imgur.com/EaQoVmb.jpeg,https://zidwish.site/e/yluzz7w4p13g,2024-09-18 20:46:33.086485+00,2024-09-18 20:46:33.086485+00,false
b84801c2-e497-4753-bd7d-7d2cf964e8ee,جوفي للغاية,https://i.imgur.com/jV218Pr.jpeg,https://vidhide-t4an.store/v/z1u0hrrkw59h,2024-09-20 09:34:27.770502+00,2024-09-20 09:34:27.770502+00,true
d26abefd-db7d-4b1c-a554-852de67a1218,حكاية لعبة 2,https://i.imgur.com/eSAtL7y.jpeg,https://zidwish.site/e/q3q868wn43cz,2024-09-18 20:43:05.198515+00,2024-09-18 20:43:05.198515+00,false
e7cdb4cf-764c-4407-9089-30d3777ab218,مخادعة,https://i.imgur.com/945kwQ2.jpeg,https://vidhide-t4an.store/v/8opy1t89atrc,2024-09-20 09:27:51.189048+00,2024-09-20 09:27:51.189048+00,false
f14d91df-db68-49a9-b531-381e0716f8e3,فيلم Stand by Me Doraemon 2014 مترجم,https://i.imgur.com/iIEYFTR.jpeg,https://zidwish.site/e/oqv2zl9vjv8z,2024-09-19 09:24:34.833681+00,2024-09-19 09:24:34.833681+00,false
fb82371a-e6f8-4c92-babd-b22c4f7422d5,صراع الجبابرة الجزء 1,https://i.imgur.com/JtfEu11.jpeg,https://vidhide-t4an.store/v/qo69mwq8l6mb,2024-09-19 15:17:35.556143+00,2024-09-19 15:17:35.556143+00,false
