id,songName,songImage,songLink,created_at,updated_at
1, أغنية بابا بابا,https://i.imgur.com/qD1MxpK.jpeg,https://www.dropbox.com/scl/fi/si6acasas87349is7p56i/marah-tv-_.mp4?rlkey=haf1lcstnt29jd1lup5saq347&st=wujxzpq5&raw=1,2024-08-23 17:06:22.533937+00,2024-08-23 17:06:22.533937+00
2,في منزل أنثى السنجاب - دق دق الباب المهن 1,https://i.imgur.com/jn2TYVN.jpeg,https://www.dropbox.com/scl/fi/1e81itepa97fwkxsrqmuz/.mp4?rlkey=kogwimy25rqwqfntoculi5dh9&st=vll6a7x8&raw=1,2024-08-23 11:47:14.796452+00,2024-08-23 11:47:14.796452+00
3,هالصيصان شو حلوين,https://i.imgur.com/z9OlXSR.png,https://dl.dropboxusercontent.com/scl/fi/6f6ceyffywripb87ro1eo/2018.mp4?rlkey=r05yla6ir4y0v5saw36hex5pl&st=i4j7a3el,2024-08-22 17:51:59.616843+00,2024-08-22 17:51:59.616843+00
4,اغنية الحرامي دق دق الباب حرامي عالباب,https://i.imgur.com/hXNvbBI.jpeg,https://www.dropbox.com/scl/fi/c0er9tiilsj2pt69ygokx/.mp4?rlkey=ixojww707vaz1c2z21cev4vm8&raw=1,2024-08-23 11:25:50.048002+00,2024-08-23 11:25:50.048002+00
5,دق دق الباب الثعلب والذئب,https://i.imgur.com/YYZ6Nuz.png,https://www.dropbox.com/scl/fi/emw1n9jqeatbh0qsep38e/videoplayback-1.mp4?rlkey=tov0h4lzvhipt9qly0y9vtobc&st=h14ginbd&raw=1,2024-08-23 13:11:50.994447+00,2024-08-23 13:11:50.994447+00
6,الببغاء,https://i.imgur.com/lZjU79v.jpeg,https://www.dropbox.com/scl/fi/i1vz53cms3qkddd1imdcp/.mp4?rlkey=igdu336jme4guoy3j0ovv66jj&st=s0jpp0oa&raw=1,2024-08-23 14:59:23.716632+00,2024-08-23 14:59:23.716632+00
7,أغنية دق دق الباب مع أصوات الحيوانات ومجموعة أغاني الأطفال,https://i.imgur.com/ZMBmcap.jpeg,https://www.dropbox.com/scl/fi/1e81itepa97fwkxsrqmuz/.mp4?rlkey=kogwimy25rqwqfntoculi5dh9&st=6llihghc&raw=1,2024-08-23 12:21:00.323947+00,2024-08-23 12:21:00.323947+00
8,عزوز,https://i.imgur.com/LogRcNs.jpeg,https://www.dropbox.com/scl/fi/76d32vrt0ke3sjfqp4vr9/.mp4?rlkey=dn9jy2aesl44f186ix84qdyjl&st=upm2icsq&raw=1,2024-08-23 15:09:16.210314+00,2024-08-23 15:09:16.210314+00
9,ذهب الليل طلع الفجر,https://i.imgur.com/pamtc5N.jpeg,https://www.dropbox.com/scl/fi/uxfwqje4hi0ekft91tuhv/_-Karameesh-Tv.mp4?rlkey=v18ncchzvbckswcqvl1y6d8yq&st=jp2e4g19&raw=1,2024-08-23 12:35:51.372939+00,2024-08-23 12:35:51.372939+00
10,ماما جابت بيبي,https://i.imgur.com/gKZNHnd.png,https://www.dropbox.com/scl/fi/64hr783hqw4q778blc1lq/_-Toyor-Baby.mp4?rlkey=ssfh7rzyo17iczsio6bj6hw2i&st=d0lv0210&raw=1,2024-08-23 13:00:27.989098+00,2024-08-23 13:00:27.989098+00
11,الراعي الكذاب (ايقاع),https://i.imgur.com/MrC85aD.jpeg,https://www.dropbox.com/scl/fi/2fno8b23w4fs6biecu94v/videoplayback.mp4?rlkey=q9ntsgivk5oiu47xxkq9sy8md&st=e3f4uhcm&raw=1,2024-08-23 12:58:02.185005+00,2024-08-23 12:58:02.185005+00
12,خالي عندو 7 اولاد,https://i.imgur.com/ixCD7ib.jpeg,https://www.dropbox.com/scl/fi/blq9aadmiyyxa6h78yh13/7-Toyor-Baby.mp4?rlkey=5zssve2np0ncp473la7zz9stc&st=h0pn6wjl&raw=1,2024-08-23 12:38:34.473115+00,2024-08-23 12:38:34.473115+00
13,ليلى والذئب,https://i.imgur.com/l2JIhOE.jpeg,https://www.dropbox.com/scl/fi/nakpss8va9utnlhmzdput/Toyor-Baby.mp4?rlkey=hoym6v8g6pgzgilv0owkkwx3y&st=ajvzteds&raw=1,2024-08-23 12:44:25.023935+00,2024-08-23 12:44:25.023935+00
14,أغنية السوسة المنحوسة بدون ايقاع,https://i.imgur.com/BWd8XqR.jpeg,https://www.dropbox.com/scl/fi/uxppwsej8u6pritsdnumb/_-marah-tv.mp4?rlkey=nn5j22tc1ycfu9m9pfsa4k0yf&st=kaaffqym&raw=1,2024-08-23 12:47:08.552016+00,2024-08-23 12:47:08.552016+00
15,يلا تنام اغاني لتنويم الاطفال بدون موسيقى,https://i.imgur.com/9x9V1ud.jpeg,https://www.dropbox.com/scl/fi/rc0w1sv92scr3aa9pxeqa/yalla-tnam.mp4?rlkey=fk5hao1sks3yt1ufwuylnwccl&st=qs17xgkw&raw=1,2024-08-23 12:50:43.712722+00,2024-08-23 12:50:43.712722+00
16,باقة حميدو (حميدو - حميدو العاق - حميدو الحافي),https://i.imgur.com/YFVr3ve.jpeg,https://www.dropbox.com/scl/fi/32gsfd07bzgrrt10h2tif/_-Toyor-Baby.mp4?rlkey=a32x0jx539i0e1rxvdl6xhpeq&st=gndoi0n0&raw=1,2024-08-23 12:53:47.392252+00,2024-08-23 12:53:47.392252+00
17,ابريق الشاي,https://i.imgur.com/3dsGsme.jpeg,https://www.dropbox.com/scl/fi/fl85chqobr6loeuz1ophy/_-marah-tv.mp4?rlkey=65ic72y4ac92cv215sv324val&st=i38xt205&raw=1,2024-08-23 13:03:23.152275+00,2024-08-23 13:03:23.152275+00
18,دق الباب الحروف 1,https://i.imgur.com/XXlgPiK.jpeg,https://www.dropbox.com/scl/fi/itq4aeg0uyxa78u0xwpkx/1.mp4?rlkey=0kk1w18s03arpcp5gyuprelym&st=hwwurku7&raw=1,2024-08-23 13:06:38.907442+00,2024-08-23 13:06:38.907442+00
19,الجزرة,https://i.imgur.com/Xq9gdDZ.jpeg,https://www.dropbox.com/scl/fi/l8xqm4qi3ohcf9dv3h28r/_.mp4?rlkey=ozq7e7bw60dxacy2vgc4nftk2&st=w5p618ge&raw=1,2024-08-23 13:13:47.0748+00,2024-08-23 13:13:47.0748+00
20,البرتقالة (ايقاع),https://i.imgur.com/jBeIPVx.png,https://www.dropbox.com/scl/fi/axp3q0m465be6kkm6wmqe/Toyor-Baby.mp4?rlkey=ikfv0hig8txcgc84kze2u7s01&st=93xv5r4w&raw=1,2024-08-23 14:45:07.986189+00,2024-08-23 14:45:07.986189+00
21,الأرنب والثعلب (بدون إيقاع),https://i.imgur.com/bWu2CEn.jpeg,https://www.dropbox.com/scl/fi/8e4y2od6xsoegtre4x59l/.mp4?rlkey=dlf83rsbtld8sa9rbkir5dqg5&st=p9zz97ox&raw=1,2024-08-23 14:47:30.223255+00,2024-08-23 14:47:30.223255+00
22,دجاجتي الكبيرة,https://i.imgur.com/uRTqdSi.jpeg,https://www.dropbox.com/scl/fi/jtbgfw9oi6r965nkiiqo3/_-Toyor-Baby.mp4?rlkey=d1cupsj6spox1yyvoavp730ro&st=pxpzwgqb&raw=1,2024-08-23 14:50:19.722985+00,2024-08-23 14:50:19.722985+00
23,الأرنب والسلحفاة,https://i.imgur.com/olfWnMa.jpeg,https://www.dropbox.com/scl/fi/eqp4arpkaygbejxr8lp2h/Toyor-Baby.mp4?rlkey=1iwvxhw24gzkuz3y08t4gy8kf&st=lzrwun26&raw=1,2024-08-23 14:52:11.228827+00,2024-08-23 14:52:11.228827+00
24,الفيل الطيوب,https://i.imgur.com/IqNBsOj.jpeg,https://www.dropbox.com/scl/fi/q6sh6ynxw2wnlornc9tjw/Toyor-Baby.mp4?rlkey=o8gy8csd23ndwxeqkn09zy79v&st=s0oafhyf&raw=1,2024-08-23 14:54:22.854322+00,2024-08-23 14:54:22.854322+00
25,"اولاد ""بدون إيقاع""",https://i.imgur.com/iUo3Ci2.jpeg,https://www.dropbox.com/scl/fi/i35nuecei9hh8n74kalmn/7-_-Toyor-Baby.mp4?rlkey=0jkthffpjglkaubnpfomh1c91&st=e4rr5w7w&raw=1,2024-08-23 14:57:15.534886+00,2024-08-23 14:57:15.534886+00
26,النحلة,https://i.imgur.com/BHsvXHZ.jpeg,https://www.dropbox.com/scl/fi/ewtbl6keiagwzbdm46zez/videoplayback-2.mp4?rlkey=os0aai5sk5vs0c3v4d9z1zdxf&st=wt8bkrjk&raw=1,2024-08-23 15:02:45.828745+00,2024-08-23 15:02:45.828745+00
27,القنافذ,https://i.imgur.com/VUHVsSq.jpeg,https://www.dropbox.com/scl/fi/ys1snedkeobejmem1590k/Toyor-Baby.mp4?rlkey=bw4n97ric8qhik90jxayugfh1&st=hvf4gzac&raw=1,2024-08-23 15:05:20.03786+00,2024-08-23 15:05:20.03786+00
28,"الديك بيصحى ""بدون إيقاع""",https://i.imgur.com/Scd2Qmp.jpeg,https://www.dropbox.com/scl/fi/ve51ed59nh8lxzcemjvrt/Toyor-Baby.mp4?rlkey=s4a2w4aatgqke060do8hck9aw&st=9hnv0roq&raw=1,2024-08-23 15:07:01.321278+00,2024-08-23 15:07:01.321278+00
29,حكايات الحروف أغنية تعليمية للأطفال عن الحروف العربية,https://i.imgur.com/kCvfFAg.jpeg,https://www.dropbox.com/scl/fi/0ouvu70x9f96bpurddrri/videoplayback-3.mp4?rlkey=dqd6tm0ouuaz7kowhr65if5wq&st=o83yuif7&raw=1,2024-08-23 15:12:02.89151+00,2024-08-23 15:12:02.89151+00
30,نهاية ثعلب,https://i.imgur.com/j7EYbPs.jpeg,https://www.dropbox.com/scl/fi/7x6fzj1l81jl7qh64b6hm/Toyor-Baby.mp4?rlkey=4tn4a6rdu5plefv36ass7y3jz&st=kfbaeiq8&raw=1,2024-08-23 15:19:04.700266+00,2024-08-23 15:19:04.700266+00
31,الدودة (ايقاع),https://i.imgur.com/VtsrdUn.jpeg,https://www.dropbox.com/scl/fi/77ccpeytq274w6akt8m55/_-Toyor-Baby-Channel.mp4?rlkey=kwi23pxzqm18vlbh9yhku20xj&st=9axjxfky&raw=1,2024-08-23 15:21:36.280141+00,2024-08-23 15:21:36.280141+00
32,حمار جحا,https://i.imgur.com/oh4mxGv.png,https://www.dropbox.com/scl/fi/ttn1ibcaf7f433r3zaste/Toyor-Baby.mp4?rlkey=p3j1f99w73pzi9jz8l38bbtcw&st=da78l9nq&raw=1,2024-08-23 15:23:54.665467+00,2024-08-23 15:23:54.665467+00
33,الليمونة والبرتقالة,https://i.imgur.com/a5oCrIi.jpeg,https://www.dropbox.com/scl/fi/0e57vlargeiqjc638yhho/Toyor-Baby.mp4?rlkey=p3u30t1gz84dlwi17bqxlaa3i&st=pkxn4uwv&raw=1,2024-08-23 15:26:52.747174+00,2024-08-23 15:26:52.747174+00
34,النملة والصرصور,https://i.imgur.com/JMqLRY6.jpeg,https://www.dropbox.com/scl/fi/ttn1ibcaf7f433r3zaste/Toyor-Baby.mp4?rlkey=p3j1f99w73pzi9jz8l38bbtcw&st=14seda38&raw=1,2024-08-23 16:37:56.604726+00,2024-08-23 16:37:56.604726+00
35,حميدو,https://i.imgur.com/iqGJo5c.jpeg,https://www.dropbox.com/scl/fi/9pulf31g9rxehd79wo0ie/_-Toyor-Baby.mp4?rlkey=4b3vl216k6vg5n8z0z2gni3ui&st=lpvloee4&raw=1,2024-08-23 16:39:52.321933+00,2024-08-23 16:39:52.321933+00
36,يا لولو في نونو منحبك يا لولو,https://i.imgur.com/GTl596d.jpeg,https://www.dropbox.com/scl/fi/tsdgst2fk5nxi81jam08k/videoplayback-4.mp4?rlkey=gihmmoms1mql7ywxbyikyfj1j&st=csu6ur9k&raw=1,2024-08-23 16:53:16.669928+00,2024-08-23 16:53:16.669928+00
37,طلع الزين من الحمام,https://i.imgur.com/oiPHHwR.jpeg,https://www.dropbox.com/scl/fi/urwbq63rjkyvlrvix430k/HABEBE-BABY.mp4?rlkey=0qpq132n5ew00sfwqce22iioz&st=yd6d39pj&raw=1,2024-08-23 16:55:31.322122+00,2024-08-23 16:55:31.322122+00
38,أغنية وناسة وناسه,https://i.imgur.com/oLOIEAE.jpeg,https://www.dropbox.com/scl/fi/loiilj9y2ph9q1pyowdq2/_.mp4?rlkey=tmgkpqy6blcqzlzp3c0r0oxbq&st=v0jl5nb4&raw=1,2024-08-23 16:57:24.254254+00,2024-08-23 16:57:24.254254+00
39,أصوات الحيوانات لتعليم الأطفال حيوانات الغابة,https://i.imgur.com/lfGgtQt.jpeg,https://www.dropbox.com/scl/fi/lneo8pc32uxf2rvmdhmaa/_.mp4?rlkey=cnow1emyq3kqwmqm219bu83la&st=058horhd&raw=1,2024-08-23 16:59:16.948133+00,2024-08-23 16:59:16.948133+00
40,أغنية الذئب والعنزات السبع,https://i.imgur.com/6ZJv03Y.jpeg,https://www.dropbox.com/scl/fi/mz5ndhxsps788z2bjfhqr/videoplayback-5.mp4?rlkey=79cofot18xzix1p4jw8gwlx9h&st=v534p00d&raw=1,2024-08-23 17:03:48.409841+00,2024-08-23 17:03:48.409841+00
41,في منزل انثى السنجاب أصوات حيوانات المزرع,https://i.imgur.com/nwzEea2.jpeg,https://www.dropbox.com/scl/fi/9663bnzkbzm54y5lud6yh/.mp4?rlkey=zpunyigeq05nlmdcgf9ji3d4u&st=zpvckc4e&raw=1,2024-08-23 17:08:57.310841+00,2024-08-23 17:08:57.310841+00
42,توت توت يا ثعلوب,https://i.imgur.com/rQs6PKA.jpeg,https://www.dropbox.com/scl/fi/85csq8j2ypr4r1sqbnanp/videoplayback-6.mp4?rlkey=scipiyczf900dp14kplcg24xn&st=93tonj22&raw=1,2024-08-23 17:25:09.363137+00,2024-08-23 17:25:09.363137+00
43,جدّو علي عندو حمار,https://i.imgur.com/W3228bH.jpeg,https://www.dropbox.com/scl/fi/aurz71tjzkdjkgqnq1g5v/_-Luna-TV.mp4?rlkey=f5znlsdn2owbm9xty9pf5dmz3&st=ud8m7y7o&raw=1,2024-08-23 17:27:11.654417+00,2024-08-23 17:27:11.654417+00
44,توت توت أناشيد وأغاني أطفال باللغة العربية,https://i.imgur.com/KkIdjpu.jpeg,https://www.dropbox.com/scl/fi/3ejbywlgryfnaw3da8z12/_.mp4?rlkey=yb0mnpxkmitbwkhjap12je5v3&st=m0qln804&raw=1,2024-08-23 17:29:53.338288+00,2024-08-23 17:29:53.338288+00
45,أغنية وي وي ثعلوب والشرطة,https://i.imgur.com/XU4OUpL.jpeg,https://www.dropbox.com/scl/fi/h9m6zzr9ivmy225h1632m/videoplayback-7.mp4?rlkey=m2sa4ad76b8vfs40rl18d345r&st=kn2grqpi&raw=1,2024-08-23 17:32:17.368869+00,2024-08-23 17:32:17.368869+00
46,أغنية ألوان,https://i.imgur.com/3WPlcNY.jpeg,https://www.dropbox.com/scl/fi/20qan7igkcczu8yl4t97m/Toyor-Baby.mp4?rlkey=qz07ertndl18szp03r0slaslw&st=tmyuw1sw&raw=1,2024-08-23 17:34:24.051229+00,2024-08-23 17:34:24.051229+00
47,أنشودة الخضروات,https://i.imgur.com/lwxggGM.jpeg,https://www.dropbox.com/scl/fi/cpnnahhv249be8dusfsz4/vegetables-song-in-arabic.mp4?rlkey=8lek8hg6lbalvikh20fo3qi3r&st=vnfsyokn&raw=1,2024-08-23 17:36:49.233901+00,2024-08-23 17:36:49.233901+00
48,اغنية الحيوانات توت توت,https://i.imgur.com/15oodS2.jpeg,https://www.dropbox.com/scl/fi/c254v08fwyupqi1q93fi9/.mp4?rlkey=7sd85jx8k0a4pesi92ucjep4t&st=f7psoau9&raw=1,2024-08-23 17:41:38.078412+00,2024-08-23 17:41:38.078412+00
49,أنا الفرخة واحنا الكتاكيت,https://i.imgur.com/1GXHkEi.jpeg,https://www.dropbox.com/scl/fi/sfdw0rybc8gcc3tiz9o9f/_-2018.mp4?rlkey=m5jqxo8v4a33829pqbbk356j1&st=ts24cirq&raw=1,2024-08-23 17:43:47.895005+00,2024-08-23 17:43:47.895005+00
50,أغنية جمل جمل,https://i.imgur.com/S5XBcW4.jpeg,https://www.dropbox.com/scl/fi/1ujbahga980z5mghmo0up/_-Tunes-Kids.mp4?rlkey=3sudl5df9nidq2esya40qt8qj&st=p5vbt7v1&raw=1,2024-08-23 17:45:46.131485+00,2024-08-23 17:45:46.131485+00
51,اغنية الفواكه الشهية,https://i.imgur.com/PpLbO9w.jpeg,https://www.dropbox.com/scl/fi/fcwfriez9ezig7kw9yd8a/videoplayback-8.mp4?rlkey=dunocbdl4xs73rgce7p5p04wh&st=ycfrpc1w&raw=1,2024-08-23 17:48:44.426824+00,2024-08-23 17:48:44.426824+00
52,اغنية القطه المشمشيه حلوه بس شقيه,https://i.imgur.com/naSVUwE.jpeg,https://www.dropbox.com/scl/fi/mbjvdxbyhxnmx2oo0sdvj/_.mp4?rlkey=c8ae7bzwcyxxui8cc909l4bxq&st=00y4n0os&raw=1,2024-08-23 17:50:33.874928+00,2024-08-23 17:50:33.874928+00
53,في منزل أنثى السنجاب دق دق الباب,https://i.imgur.com/FYgbTWu.jpeg,https://www.dropbox.com/scl/fi/nlevh2fyargvlffgwih1j/.mp4?rlkey=n6kprftc1nnrvvviav50oavk7&st=rsllt5an&raw=1,2024-08-23 17:52:12.769421+00,2024-08-23 17:52:12.769421+00
54,بيبي شارك,https://i.imgur.com/wqGZX4K.png,https://www.dropbox.com/scl/fi/8edhuirg577q9bvj11h3f/Baby-Shark-Dance-_-babyshark-Most-Viewed-Video-_-Animal-Songs-_-PINKFONG-Songs-for-Children.mp4?rlkey=5hvxcnxooiw7oquhkrzgh44gy&st=2hzw39zc&raw=1,2024-08-23 17:54:48.613402+00,2024-08-23 17:54:48.613402+00
55,البندورة الحمرا,https://i.imgur.com/nEMtckV.jpeg,https://www.dropbox.com/scl/fi/uj3lelib35pzkc250hg4g/_-Toyor-Baby.mp4?rlkey=vy02ige24wv41gro986ao518d&st=40qcnoqq&raw=1,2024-08-23 17:56:37.190831+00,2024-08-23 17:56:37.190831+00
56,اغاني اطفال,https://i.imgur.com/HXA54I7.png,https://www.dropbox.com/scl/fi/rjpewmep17fdrij4db36s/_-2018.mp4?rlkey=yv91dloewzwpehha655r5eb46&st=2lfj013n&raw=1,2024-08-23 17:59:02.375413+00,2024-08-23 17:59:02.375413+00
57,أغنية يا غنماتي,https://i.imgur.com/ao2BZy4.jpeg,https://www.dropbox.com/scl/fi/d9oi7i41ywt87twdv1pai/marah-tv-_.mp4?rlkey=oh5tjqir4xj3pj60y6h9765yh&st=7iwkdwn9&raw=1,2024-08-23 18:01:11.755936+00,2024-08-23 18:01:11.755936+00
58,أغنية الفواكه و الخضروات يمي يمي هم هم,https://i.imgur.com/cjqOmaa.jpeg,https://www.dropbox.com/scl/fi/62jk6g6q2qud80cjvn0ej/_.mp4?rlkey=zra1t3jzm7c4hnx1mb7dr8qsn&st=rm5ve3wj&raw=1,2024-08-23 18:03:21.185586+00,2024-08-23 18:03:21.185586+00
59,أغنية ياخواتي بحبّها  Luna TV - قناة لونا,https://i.ytimg.com/vi/jvAWBvpsIJ0/maxresdefault.jpg,https://www.youtube.com/watch?v=jvAWBvpsIJ0,2024-08-23 18:03:21.185586+01,2024-08-23 18:03:21.185586+01
60,أغنية أكلك منين يا بطة  Luna TV - قناة لونا,https://i.ytimg.com/vi/LrfgMHFligo/maxresdefault.jpg,https://www.youtube.com/watch?v=LrfgMHFligo,2024-08-23 18:03:21.185586+02,2024-08-23 18:03:21.185586+02
61,أغنية انا احب ماما وماما تحبني  Luna TV - قناة لونا,https://i.ytimg.com/vi/_lOIX75q1qI/maxresdefault.jpg,https://www.youtube.com/watch?v=_lOIX75q1qI,2024-08-23 18:03:21.185586+03,2024-08-23 18:03:21.185586+03
62,أغنية البنات البنات  Luna TV - قناة لونا,https://i.ytimg.com/vi/zAKZOCS4sWk/maxresdefault.jpg,https://www.youtube.com/watch?v=zAKZOCS4sWk,2024-08-23 18:03:21.185586+04,2024-08-23 18:03:21.185586+04
63,دبدوبة التخينة  كتاكيت بيبي,https://i.ytimg.com/vi/hFxnZSLi07g/maxresdefault.jpg,https://www.youtube.com/watch?v=hFxnZSLi07g,2024-08-23 18:03:21.185586+05,2024-08-23 18:03:21.185586+05
64,أغنية ماما زمانها جاية  Luna TV - قناة لونا,https://i.ytimg.com/vi/asuBOauTUfk/maxresdefault.jpg,https://www.youtube.com/watch?v=asuBOauTUfk,2024-08-23 18:03:21.185586+06,2024-08-23 18:03:21.185586+06
65,ذهب الليل طلع الفجر  كتاكيت بيبي 2018,https://i.ytimg.com/vi/fRSqk4nlZds/maxresdefault.jpg,https://www.youtube.com/watch?v=fRSqk4nlZds,2024-08-23 18:03:21.185586+07,2024-08-23 18:03:21.185586+07
66,نونو يا نونو,https://i.ytimg.com/vi/fRKLCIZepMY/maxresdefault.jpg,https://www.youtube.com/watch?v=fRKLCIZepMY,2024-08-23 18:03:21.185586+08,2024-08-23 18:03:21.185586+08
67,سوسة كف عروسة,https://i.ytimg.com/vi/_6X2Nq-9Uo8/maxresdefault.jpg,https://www.youtube.com/watch?v=_6X2Nq-9Uo8,2024-08-23 18:03:21.185586+09,2024-08-23 18:03:21.185586+09
69,قال الأرنب لأمو   طيور الجنة الأرنب والثعلب,https://i.ytimg.com/vi/EIIp3Tpdgyc/hqdefault.jpg,https://www.youtube.com/watch?v=EIIp3Tpdgyc,2024-10-04 10:02:44.779+00,2024-10-04 10:02:44.779+00
70,في منزل أنثى الأرنب  دق دق الباب  بدون موسيقى,https://i.ytimg.com/vi/QPlhripZiUs/maxresdefault.jpg,https://www.youtube.com/watch?v=QPlhripZiUs,2024-10-04 10:02:44.779+00,2024-10-04 10:02:44.779+00
71,في منزل أنثى الأرنب  دق دق الباب - أغاني أطفال,https://i.ytimg.com/vi/oGk6N6XVAag/maxresdefault.jpg,https://www.youtube.com/watch?v=oGk6N6XVAag,2024-10-04 10:02:44.779+00,2024-10-04 10:02:44.779+00
72,فى البحر سمكة - ايمان البحر درويش,https://i.ytimg.com/vi/Jxre_3UjDgQ/hqdefault.jpg,https://www.youtube.com/watch?v=Jxre_3UjDgQ,2024-10-04 10:02:44.779+00,2024-10-04 10:02:44.779+00
73,فتحي يا وردة (بدون إيقاع) - ديمة بشار  طيور الجنة,https://i.ytimg.com/vi/f7W3tsxTGHA/maxresdefault.jpg,https://www.youtube.com/watch?v=f7W3tsxTGHA,2024-10-04 10:02:44.779+00,2024-10-04 10:02:44.779+00
74,غلطان (بدون إيقاع) - طيور بيبي,https://i.ytimg.com/vi/BBAHJRLbJvM/maxresdefault.jpg,https://www.youtube.com/watch?v=BBAHJRLbJvM,2024-10-04 10:02:44.779+00,2024-10-04 10:02:44.779+00
75,غلطان - طيور بيبي,https://i.ytimg.com/vi/2hAauaR7_0c/maxresdefault.jpg,https://www.youtube.com/watch?v=2hAauaR7_0c,2024-10-04 10:02:44.779+00,2024-10-04 10:02:44.779+00
76,غلطان,https://i.ytimg.com/vi/ANisCHiRd60/maxresdefault.jpg,https://www.youtube.com/watch?v=ANisCHiRd60,2024-10-04 10:02:44.779+00,2024-10-04 10:02:44.779+00
77,غسل وجك يا قمر,https://i.ytimg.com/vi/xjSKBUvBbCk/sddefault.jpg,https://www.youtube.com/watch?v=xjSKBUvBbCk,2024-10-04 10:02:44.779+00,2024-10-04 10:02:44.779+00
78,غرد يا عصفوري,https://i.ytimg.com/vi/3LjbHxnIKGM/maxresdefault.jpg,https://www.youtube.com/watch?v=3LjbHxnIKGM,2024-10-04 10:02:44.779+00,2024-10-04 10:02:44.779+00
79,عيوني تشتاقلو (بدون إيقاع) - محمد بشار  طيور الجنة,https://i.ytimg.com/vi/Kwy5MC1QAJM/maxresdefault.jpg,https://www.youtube.com/watch?v=Kwy5MC1QAJM,2024-10-04 10:02:44.779+00,2024-10-04 10:02:44.779+00
80,"عنت عالبال ""بدون إيقاع"" - محمد بشار  طيور الجنة",https://i.ytimg.com/vi/6BDMhpKeHt0/maxresdefault.jpg,https://www.youtube.com/watch?v=6BDMhpKeHt0,2024-10-04 10:02:44.779+00,2024-10-04 10:02:44.779+00
81,علموا أولادكم الأبجدية العربية الآن Learn Alif Ba Ta,https://i.ytimg.com/vi/zUhMqT8VjZk/maxresdefault.jpg,https://www.youtube.com/watch?v=zUhMqT8VjZk,2024-10-04 10:02:44.779+00,2024-10-04 10:02:44.779+00
82,"عصومي ضرب وليد  ""بدون إيقاع"" - عصومي ووليد  طيور الجنة",https://i.ytimg.com/vi/8KUDrMY7H6c/maxresdefault.jpg,https://www.youtube.com/watch?v=8KUDrMY7H6c,2024-10-04 10:02:44.779+00,2024-10-04 10:02:44.779+00
83,عسل (بدون إيقاع) - جنى مقداد  طيور الجنة,https://i.ytimg.com/vi/O1cumJPrtdw/maxresdefault.jpg,https://www.youtube.com/watch?v=O1cumJPrtdw,2024-10-04 10:02:44.779+00,2024-10-04 10:02:44.779+00
84,عزوز (بدون إيقاع) - طيور بيبي,https://i.ytimg.com/vi/qGWgy3zDpwQ/maxresdefault.jpg,https://www.youtube.com/watch?v=qGWgy3zDpwQ,2024-10-04 10:02:44.779+00,2024-10-04 10:02:44.779+00
85,عزوز,https://i.ytimg.com/vi/17hy7lBhDmE/maxresdefault.jpg,https://www.youtube.com/watch?v=17hy7lBhDmE,2024-10-04 10:02:44.779+00,2024-10-04 10:02:44.779+00
86,عالروضة بنروح (بدون إيقاع) - جنى مقداد  طيور بيبي,https://i.ytimg.com/vi/HIRRY4LwG14/maxresdefault.jpg,https://www.youtube.com/watch?v=HIRRY4LwG14,2024-10-04 10:02:44.779+00,2024-10-04 10:02:44.779+00
87,طلوا الحبايب (بدون إيقاع) - جنى مقداد,https://i.ytimg.com/vi/rT-FAkI2C8g/maxresdefault.jpg,https://www.youtube.com/watch?v=rT-FAkI2C8g,2024-10-04 10:02:44.779+00,2024-10-04 10:02:44.779+00
88,صيّاد السمك - طيور بيبي,https://i.ytimg.com/vi/5hf2uLQF61c/maxresdefault.jpg,https://www.youtube.com/watch?v=5hf2uLQF61c,2024-10-04 10:02:44.779+00,2024-10-04 10:02:44.779+00
89,"صور - محمد بشار""بدون إيقاع""  طيور الجنة",https://i.ytimg.com/vi/67Vl25c9Pz8/maxresdefault.jpg,https://www.youtube.com/watch?v=67Vl25c9Pz8,2024-10-04 10:02:44.779+00,2024-10-04 10:02:44.779+00
90,"صدى صوتك ""بدون إيقاع""  طيور الجنة",https://i.ytimg.com/vi/v15mgw93oE0/maxresdefault.jpg,https://www.youtube.com/watch?v=v15mgw93oE0,2024-10-04 10:02:44.779+00,2024-10-04 10:02:44.779+00
91,صحة صحة (بدون إيقاع) - براء العويد  طيور الجنة,https://i.ytimg.com/vi/gnENU9rjHjQ/maxresdefault.jpg,https://www.youtube.com/watch?v=gnENU9rjHjQ,2024-10-04 10:02:44.779+00,2024-10-04 10:02:44.779+00
92,شوفوا عصومي (بدون إيقاع) - المعتصم بالله مقداد,https://i.ytimg.com/vi/ait2t8xw2Lg/maxresdefault.jpg,https://www.youtube.com/watch?v=ait2t8xw2Lg,2024-10-04 10:02:44.779+00,2024-10-04 10:02:44.779+00
93,شموسة,https://i.ytimg.com/vi/89iqs3CKFbs/maxresdefault.jpg,https://www.youtube.com/watch?v=89iqs3CKFbs,2024-10-04 10:02:44.779+00,2024-10-04 10:02:44.779+00
94,سيارتنا الأمورة (بدون إيقاع) - المقاديد  طيور الجنة,https://i.ytimg.com/vi/M8xZ4pZIHoE/maxresdefault.jpg,https://www.youtube.com/watch?v=M8xZ4pZIHoE,2024-10-04 10:02:44.779+00,2024-10-04 10:02:44.779+00
95,سوسة كف عروسة,https://i.ytimg.com/vi/_6X2Nq-9Uo8/maxresdefault.jpg,https://www.youtube.com/watch?v=_6X2Nq-9Uo8,2024-10-04 10:02:44.779+00,2024-10-04 10:02:44.779+00
96,سنجوبة,https://i.ytimg.com/vi/5R-7_4mETC0/maxresdefault.jpg,https://www.youtube.com/watch?v=5R-7_4mETC0,2024-10-04 10:02:44.779+00,2024-10-04 10:02:44.779+00
97,سمِّ الله,https://i.ytimg.com/vi/TXsLHiNEVAc/maxresdefault.jpg,https://www.youtube.com/watch?v=TXsLHiNEVAc,2024-10-04 10:02:44.779+00,2024-10-04 10:02:44.779+00
98,رح خبر هالضيعة (بدون إيقاع) - مؤمن الجناني,https://i.ytimg.com/vi/xXwDIX6zqhE/maxresdefault.jpg,https://www.youtube.com/watch?v=xXwDIX6zqhE,2024-10-04 10:02:44.779+00,2024-10-04 10:02:44.779+00
99,ذهب الليل طلع الفجر والعصفور صوصو شاف القطة قالها بسبس قالتلو نونو,https://i.ytimg.com/vi/v9BCbgMpl7Q/maxresdefault.jpg,https://www.youtube.com/watch?v=v9BCbgMpl7Q,2024-10-04 10:02:44.779+00,2024-10-04 10:02:44.779+00
100,ذهب الليل طلع الفجر والعصفور صوصو الجديدة,https://i.ytimg.com/vi/JXdYErPfEUw/maxresdefault.jpg,https://www.youtube.com/watch?v=JXdYErPfEUw,2024-10-04 10:02:44.779+00,2024-10-04 10:02:44.779+00
101,ذهب الليل طلع الفجر والعصفور صوصو  اغاني اطفال,https://i.ytimg.com/vi/QWd8nDabcPo/maxresdefault.jpg,https://www.youtube.com/watch?v=QWd8nDabcPo,2024-10-04 10:02:44.779+00,2024-10-04 10:02:44.779+00
102,ذهب الليل طلع الفجر والعصفور صو صو شاف القطة قالها بسبس قالتلو نو نو - هالصيصان شو حلوين - الفواكه,https://i.ytimg.com/vi/t05FW-PKoOY/maxresdefault.jpg,https://www.youtube.com/watch?v=t05FW-PKoOY,2024-10-04 10:02:44.779+00,2024-10-04 10:02:44.779+00
103,ذهب الليل طلع الفجر والعصفور صو صو - اغاني اطفال,https://i.ytimg.com/vi/ft1lQeYJqUM/maxresdefault.jpg,https://www.youtube.com/watch?v=ft1lQeYJqUM,2024-10-04 10:02:44.779+00,2024-10-04 10:02:44.779+00
104,ذهب الليل طلع الفجر الجديدة,https://i.ytimg.com/vi/I8DMX0LvlRw/maxresdefault.jpg,https://www.youtube.com/watch?v=I8DMX0LvlRw,2024-10-04 10:02:44.779+00,2024-10-04 10:02:44.779+00
105,ذهب الليل طلع الفجر  كتاكيت بيبي 2018,https://i.ytimg.com/vi/fRSqk4nlZds/maxresdefault.jpg,https://www.youtube.com/watch?v=fRSqk4nlZds,2024-10-04 10:02:44.779+00,2024-10-04 10:02:44.779+00
106,ذهب الليل طلع الفجر - كليب الأطفال  Luna TV - قناة لونا,https://i.ytimg.com/vi/uSBOPAFw2yk/maxresdefault.jpg,https://www.youtube.com/watch?v=uSBOPAFw2yk,2024-10-04 10:02:44.779+00,2024-10-04 10:02:44.779+00
107,ذهب الليل طلع الفجر - انشودة ذهب الليل طلع الفجر,https://i.ytimg.com/vi/V_t0vktuCDk/maxresdefault.jpg,https://www.youtube.com/watch?v=V_t0vktuCDk,2024-10-04 10:02:44.779+00,2024-10-04 10:02:44.779+00
108,ذهب الليل طلع الفجر,https://i.ytimg.com/vi/AMfqJ9wmRxc/maxresdefault.jpg,https://www.youtube.com/watch?v=AMfqJ9wmRxc,2024-10-04 10:02:44.779+00,2024-10-04 10:02:44.779+00
109,ديمة الأولى (بدون إيقاع) - ديمة بشار  طيور الجنة,https://i.ytimg.com/vi/XyjL5zFpMdw/maxresdefault.jpg,https://www.youtube.com/watch?v=XyjL5zFpMdw,2024-10-04 10:02:44.779+00,2024-10-04 10:02:44.779+00
110,ديكي,https://i.ytimg.com/vi/SZzUA9FNEZU/maxresdefault.jpg,https://www.youtube.com/watch?v=SZzUA9FNEZU,2024-10-04 10:02:44.779+00,2024-10-04 10:02:44.779+00
111,دنيا روزي  حلقات كاملة  براعم  أسطورة الباندا الحمراء  Stories for children in Arabic,https://i.ytimg.com/vi/PFSFbehli60/maxresdefault.jpg,https://www.youtube.com/watch?v=PFSFbehli60,2024-10-04 10:02:44.779+00,2024-10-04 10:02:44.779+00
112,دق دق الباب - في منزل انثى السنجاب  ثعلوب المكار   Dany Tv,https://i.ytimg.com/vi/HIBZV-zrpVI/sddefault.jpg,https://www.youtube.com/watch?v=HIBZV-zrpVI,2024-10-04 10:02:44.779+00,2024-10-04 10:02:44.779+00
113,دق دق الباب - في منزل انثى السنجاب  ثعلوب المكار  - DanyTv,https://i.ytimg.com/vi/laNSFP0ODwo/sddefault.jpg,https://www.youtube.com/watch?v=laNSFP0ODwo,2024-10-04 10:02:44.779+00,2024-10-04 10:02:44.779+00
114,دق دق الباب - في منزل انثى السنجاب  ثعلوب المكار,https://i.ytimg.com/vi/FtBaEdOYMss/sddefault.jpg,https://www.youtube.com/watch?v=FtBaEdOYMss,2024-10-04 10:02:44.779+00,2024-10-04 10:02:44.779+00
115,دق الباب الحروف 3  - أغاني أطفال,https://i.ytimg.com/vi/4EKfbB3Q794/maxresdefault.jpg,https://www.youtube.com/watch?v=4EKfbB3Q794,2024-10-04 10:02:44.779+00,2024-10-04 10:02:44.779+00
116,دق الباب الحروف 2 - أغاني أطفال,https://i.ytimg.com/vi/sEq-K2s9IZU/maxresdefault.jpg,https://www.youtube.com/watch?v=sEq-K2s9IZU,2024-10-04 10:02:44.779+00,2024-10-04 10:02:44.779+00
117,دق الباب الحروف 1 - أغاني أطفال,https://i.ytimg.com/vi/7iRTXkvDr5s/maxresdefault.jpg,https://www.youtube.com/watch?v=7iRTXkvDr5s,2024-10-04 10:02:44.779+00,2024-10-04 10:02:44.779+00
118,دجاجتي الكبيرة,https://i.ytimg.com/vi/GAqTAV_97Mw/maxresdefault.jpg,https://www.youtube.com/watch?v=GAqTAV_97Mw,2024-10-04 10:02:44.779+00,2024-10-04 10:02:44.779+00
119,دبدوبة التخينة  كتاكيت بيبي,https://i.ytimg.com/vi/hFxnZSLi07g/maxresdefault.jpg,https://www.youtube.com/watch?v=hFxnZSLi07g,2024-10-04 10:02:44.779+00,2024-10-04 10:02:44.779+00
120,"دادا ""بدون إيقاع"" - جنى مقداد  قناة بيبي الفضائية",https://i.ytimg.com/vi/doQrmYT6z5o/maxresdefault.jpg,https://www.youtube.com/watch?v=doQrmYT6z5o,2024-10-04 10:02:44.779+00,2024-10-04 10:02:44.779+00
121,دا بيتنا كلنا  مسؤلية الأطفال  في التنظيف,https://i.ytimg.com/vi/0uWuagPKObo/maxresdefault.jpg,https://www.youtube.com/watch?v=0uWuagPKObo,2024-10-04 10:02:44.779+00,2024-10-04 10:02:44.779+00
122,حميدو العاق (بدون إيقاع) - طيور بيبي,https://i.ytimg.com/vi/wc_S-mlE9qE/maxresdefault.jpg,https://www.youtube.com/watch?v=wc_S-mlE9qE,2024-10-04 10:02:44.779+00,2024-10-04 10:02:44.779+00
123,حميدو العاق - طيور بيبي,https://i.ytimg.com/vi/MdCRzS-1pX0/maxresdefault.jpg,https://www.youtube.com/watch?v=MdCRzS-1pX0,2024-10-04 10:02:44.779+00,2024-10-04 10:02:44.779+00
124,حميدو العاق,https://i.ytimg.com/vi/TMK6vZSn1no/maxresdefault.jpg,https://www.youtube.com/watch?v=TMK6vZSn1no,2024-10-04 10:02:44.779+00,2024-10-04 10:02:44.779+00
125,حميدو,https://i.ytimg.com/vi/rHqdEe5w2IE/maxresdefault.jpg,https://www.youtube.com/watch?v=rHqdEe5w2IE,2024-10-04 10:02:44.779+00,2024-10-04 10:02:44.779+00
126,حلوين ويا محلاهم (بدون إيقاع) - جنى مقداد,https://i.ytimg.com/vi/X-91l-u5o68/maxresdefault.jpg,https://www.youtube.com/watch?v=X-91l-u5o68,2024-10-04 10:02:44.779+00,2024-10-04 10:02:44.779+00
127,حلم كبير  أغنية المهن للاطفال,https://i.ytimg.com/vi/Zx6Nf_I3jyU/maxresdefault.jpg,https://www.youtube.com/watch?v=Zx6Nf_I3jyU,2024-10-04 10:02:44.779+00,2024-10-04 10:02:44.779+00
128,حلا الترك و مشاعل بنيتي الحبوبة  Hala Alturk & Mashael - Bnayty ElHabooba,https://i.ytimg.com/vi/qn3ITODjLiw/maxresdefault.jpg,https://www.youtube.com/watch?v=qn3ITODjLiw,2024-10-04 10:02:44.779+00,2024-10-04 10:02:44.779+00
129,حلا الترك - بابا نزل معاشه   Hala Al Turk - Baba Nezel Ma'asheh,https://i.ytimg.com/vi/TnV5H5MD_74/maxresdefault.jpg,https://www.youtube.com/watch?v=TnV5H5MD_74,2024-10-04 10:02:44.779+00,2024-10-04 10:02:44.779+00
130,حاسيين بايه  المشاعر الشخصية للأطفال,https://i.ytimg.com/vi/8xwhhOe9uM4/maxresdefault.jpg,https://www.youtube.com/watch?v=8xwhhOe9uM4,2024-10-04 10:02:44.779+00,2024-10-04 10:02:44.779+00
131,حاجة واحدة صغيرة  طرق المحافظة على البيئة للأطفال,https://i.ytimg.com/vi/7WGxxXVVmvM/maxresdefault.jpg,https://www.youtube.com/watch?v=7WGxxXVVmvM,2024-10-04 10:02:44.779+00,2024-10-04 10:02:44.779+00
132,جننتوني (بدون إيقاع) - جنى مقداد  طيور الجنة,https://i.ytimg.com/vi/LFaczxSQiEs/hqdefault.jpg,https://www.youtube.com/watch?v=LFaczxSQiEs,2024-10-04 10:02:44.779+00,2024-10-04 10:02:44.779+00
133,جننتوني - جنى مقداد  طيور الجنة,https://i.ytimg.com/vi/XyMBV6vaUZo/maxresdefault.jpg,https://www.youtube.com/watch?v=XyMBV6vaUZo,2024-10-04 10:02:44.779+00,2024-10-04 10:02:44.779+00
134,جدو وتيتا (بدون إيقاع) - جنى مقداد  طيور الجنة,https://i.ytimg.com/vi/hn1Qaher8Ao/maxresdefault.jpg,https://www.youtube.com/watch?v=hn1Qaher8Ao,2024-10-04 10:02:44.779+00,2024-10-04 10:02:44.779+00
135,جدو علي عنده حمار  قناة طفولة  Geddo Ali,https://i.ytimg.com/vi/hCbzZaAJv2w/maxresdefault.jpg,https://www.youtube.com/watch?v=hCbzZaAJv2w,2024-10-04 10:02:44.779+00,2024-10-04 10:02:44.779+00
136,جدو علي عنده حمار   كتاكيت بيبي 2018,https://i.ytimg.com/vi/Z72PDNyxS4g/maxresdefault.jpg,https://www.youtube.com/watch?v=Z72PDNyxS4g,2024-10-04 10:02:44.779+00,2024-10-04 10:02:44.779+00
137,جدو على عنده حمار _ اغنية للأطفال,https://i.ytimg.com/vi/_CFRzAIowXI/hqdefault.jpg,https://www.youtube.com/watch?v=_CFRzAIowXI,2024-10-04 10:02:44.779+00,2024-10-04 10:02:44.779+00
138,ثياب المدرسة - جاد وإياد مقداد  طيور الجنة,https://i.ytimg.com/vi/YBNswKtVXQA/maxresdefault.jpg,https://www.youtube.com/watch?v=YBNswKtVXQA,2024-10-04 10:02:44.779+00,2024-10-04 10:02:44.779+00
139,توت توت  1  نسخة جديدة     أغاني أطفال - قناة طم طم,https://i.ytimg.com/vi/ojwuehF_x7c/maxresdefault.jpg,https://www.youtube.com/watch?v=ojwuehF_x7c,2024-10-04 10:02:44.779+00,2024-10-04 10:02:44.779+00
140,توت توت,https://i.ytimg.com/vi/6sZJdsEGH8c/maxresdefault.jpg,https://www.youtube.com/watch?v=6sZJdsEGH8c,2024-10-04 10:02:44.779+00,2024-10-04 10:02:44.779+00
141,تعليم أسماء الفواكه وفوائدها للأطفال على قناة لولو الحلوه,https://i.ytimg.com/vi/HvM6HbgPelc/maxresdefault.jpg,https://www.youtube.com/watch?v=HvM6HbgPelc,2024-10-04 10:02:44.779+00,2024-10-04 10:02:44.779+00
142,تعليم اللغة العربية للاطفال - تعليم الاطفال النطق,https://i.ytimg.com/vi/YUuFMd4-a80/maxresdefault.jpg,https://www.youtube.com/watch?v=YUuFMd4-a80,2024-10-04 10:02:44.779+00,2024-10-04 10:02:44.779+00
143,تعليم الصلاة للأطفال مع سارة How to pray ( for children),https://i.ytimg.com/vi/2PQGtbwm5s0/maxresdefault.jpg,https://www.youtube.com/watch?v=2PQGtbwm5s0,2024-10-04 10:02:44.779+00,2024-10-04 10:02:44.779+00
144,تعليم الحواس الخمسة باللغة العربية . The Five Senses in Arabic,https://i.ytimg.com/vi/Z6EePOupLXg/maxresdefault.jpg,https://www.youtube.com/watch?v=Z6EePOupLXg,2024-10-04 10:02:44.779+00,2024-10-04 10:02:44.779+00
145,تعليم الأرقام مع حيوانات المزرعة  من واحد لعشرة,https://i.ytimg.com/vi/glc4PxLMRiw/maxresdefault.jpg,https://www.youtube.com/watch?v=glc4PxLMRiw,2024-10-04 10:02:44.779+00,2024-10-04 10:02:44.779+00
146,تعليم الاطفال l تعلم أسماء الحيوانات والطيور مع أصواتها   animal train  &  birds  learn animals,https://i.ytimg.com/vi/SdbK_nIaIfA/maxresdefault.jpg,https://www.youtube.com/watch?v=SdbK_nIaIfA,2024-10-04 10:02:44.779+00,2024-10-04 10:02:44.779+00
147,تعلم الفواكه للاطفال  Learn Fruits in Arabic  تعلم الفواكه  تعليم,https://i.ytimg.com/vi/9sH_mFOEuRE/hqdefault.jpg,https://www.youtube.com/watch?v=9sH_mFOEuRE,2024-10-04 10:02:44.779+00,2024-10-04 10:02:44.779+00
148,تعالوا نتعرف علي الأنشطة اللي بيعملوها هنا و هادى فى المدرسة,https://i.ytimg.com/vi/IMb55L6ZF2Q/maxresdefault.jpg,https://www.youtube.com/watch?v=IMb55L6ZF2Q,2024-10-04 10:02:44.779+00,2024-10-04 10:02:44.779+00
149,تحت وفوق  تعليم الاتجاهات للاطفال و الكلمات وعكسها,https://i.ytimg.com/vi/8OnBkETT8iY/sddefault.jpg,https://www.youtube.com/watch?v=8OnBkETT8iY,2024-10-04 10:02:44.779+00,2024-10-04 10:02:44.779+00
150,بوب قطار الألوان ركوب  لون للأطفال  تعلم الألوان  Bob the Train  3D Color  Bob Train Color Ride,https://i.ytimg.com/vi/DaKWOKUmoJU/maxresdefault.jpg,https://www.youtube.com/watch?v=DaKWOKUmoJU,2024-10-04 10:02:44.779+00,2024-10-04 10:02:44.779+00
151,بنحييه (بدون إيقاع)  طيور الجنة,https://i.ytimg.com/vi/80Go8DGeqI0/maxresdefault.jpg,https://www.youtube.com/watch?v=80Go8DGeqI0,2024-10-04 10:02:44.779+00,2024-10-04 10:02:44.779+00
152,بنحب نساعد بعضنا  مساعدة الآخرين للأطفال (2022),https://i.ytimg.com/vi/k1E1fOiR4yg/maxresdefault.jpg,https://www.youtube.com/watch?v=k1E1fOiR4yg,2024-10-04 10:02:44.779+00,2024-10-04 10:02:44.779+00
153,بنحب الخضار  تعليم الخضروات باللهجة المصرية,https://i.ytimg.com/vi/9mlU-bsIG6k/maxresdefault.jpg,https://www.youtube.com/watch?v=9mlU-bsIG6k,2024-10-04 10:02:44.779+00,2024-10-04 10:02:44.779+00
154,بطة,https://i.ytimg.com/vi/-cZ_t5RjgQY/maxresdefault.jpg,https://www.youtube.com/watch?v=-cZ_t5RjgQY,2024-10-04 10:02:44.779+00,2024-10-04 10:02:44.779+00
155,بحب مدرستي  اغاني اطفال العودة للمدرسة,https://i.ytimg.com/vi/dER9sRakEFc/maxresdefault.jpg,https://www.youtube.com/watch?v=dER9sRakEFc,2024-10-04 10:02:44.779+00,2024-10-04 10:02:44.779+00
156,ببرونة (بدون إيقاع) - جنى مقداد  طيور الجنة,https://i.ytimg.com/vi/3T9bAUtxi8w/maxresdefault.jpg,https://www.youtube.com/watch?v=3T9bAUtxi8w,2024-10-04 10:02:44.779+00,2024-10-04 10:02:44.779+00
157,بابا وماما  اغاني للام والاب معا,https://i.ytimg.com/vi/eCRANTAakc0/maxresdefault.jpg,https://www.youtube.com/watch?v=eCRANTAakc0,2024-10-04 10:02:44.779+00,2024-10-04 10:02:44.779+00
158,أيام الأسبوع - طيور بيبي,https://i.ytimg.com/vi/p4PgArjCZnA/maxresdefault.jpg,https://www.youtube.com/watch?v=p4PgArjCZnA,2024-10-04 10:02:44.779+00,2024-10-04 10:02:44.779+00
159,أيّام الأسبوع,https://i.ytimg.com/vi/5IODFxf0CWo/maxresdefault.jpg,https://www.youtube.com/watch?v=5IODFxf0CWo,2024-10-04 10:02:44.779+00,2024-10-04 10:02:44.779+00
160,أهلا يا هالعيد,https://i.ytimg.com/vi/tF2LN0iUNaE/maxresdefault.jpg,https://www.youtube.com/watch?v=tF2LN0iUNaE,2024-10-04 10:02:44.779+00,2024-10-04 10:02:44.779+00
161,أنشودة في الملعب  -  قناة طم طم للأطفال,https://i.ytimg.com/vi/tc1AA44x7Z8/maxresdefault.jpg,https://www.youtube.com/watch?v=tc1AA44x7Z8,2024-10-04 10:02:44.779+00,2024-10-04 10:02:44.779+00
162,أنشودة خمس بيضات جميلات -  أغاني أطفال,https://i.ytimg.com/vi/pEKVfyzZ0mw/maxresdefault.jpg,https://www.youtube.com/watch?v=pEKVfyzZ0mw,2024-10-04 10:02:44.779+00,2024-10-04 10:02:44.779+00
163,أنشودة حفلة الحروف العربية   قناة طم طم للأطفال,https://i.ytimg.com/vi/8NWmA0tvL9M/maxresdefault.jpg,https://www.youtube.com/watch?v=8NWmA0tvL9M,2024-10-04 10:02:44.779+00,2024-10-04 10:02:44.779+00
164,أنشودة حركات الحروف العربية 2 -  قناة طم طم للأطفال,https://i.ytimg.com/vi/W7Nzkb0YYGQ/maxresdefault.jpg,https://www.youtube.com/watch?v=W7Nzkb0YYGQ,2024-10-04 10:02:44.779+00,2024-10-04 10:02:44.779+00
165,أنشودة حركات الحروف العربية 1 -  قناة طم طم للأطفال,https://i.ytimg.com/vi/07J5iNy835c/maxresdefault.jpg,https://www.youtube.com/watch?v=07J5iNy835c,2024-10-04 10:02:44.779+00,2024-10-04 10:02:44.779+00
166,أنشودة أصوات الحيوانات للأطقال -  قناة طم طم,https://i.ytimg.com/vi/jlV-ZTPWKpg/maxresdefault.jpg,https://www.youtube.com/watch?v=jlV-ZTPWKpg,2024-10-04 10:02:44.779+00,2024-10-04 10:02:44.779+00
167,أنشودة الفواكه عربي - انجليزي - Fruit song in Arabic and English,https://i.ytimg.com/vi/gSIbLDrsAqE/maxresdefault.jpg,https://www.youtube.com/watch?v=gSIbLDrsAqE,2024-10-04 10:02:44.779+00,2024-10-04 10:02:44.779+00
168,أنشودة الخضروات عربي - انجليزي - vegetables song in Arabic and English,https://i.ytimg.com/vi/ofvzkGBNu2Y/maxresdefault.jpg,https://www.youtube.com/watch?v=ofvzkGBNu2Y,2024-10-04 10:02:44.779+00,2024-10-04 10:02:44.779+00
169,أنشودة الخضروات - vegetables song in arabic,https://i.ytimg.com/vi/Pf1Y0JtfMPU/maxresdefault.jpg,https://www.youtube.com/watch?v=Pf1Y0JtfMPU,2024-10-04 10:02:44.779+00,2024-10-04 10:02:44.779+00
170,أنشودة الحيوانات الأليفة  للأطفال عربي - انجليزي    قناة طم طم,https://i.ytimg.com/vi/SWHPN_7aQm4/maxresdefault.jpg,https://www.youtube.com/watch?v=SWHPN_7aQm4,2024-10-04 10:02:44.779+00,2024-10-04 10:02:44.779+00
171,أنشودة الحروف نسخة 2 - ألف أرنب يجري يلعب - Arabic Alphabet song,https://i.ytimg.com/vi/2Au1BxQLPVE/maxresdefault.jpg,https://www.youtube.com/watch?v=2Au1BxQLPVE,2024-10-04 10:02:44.779+00,2024-10-04 10:02:44.779+00
172,أنشودة الحروف الهجائية العربية للأطفال 11  مع صور الحيوانات المتحركة  arabic alphabet song,https://i.ytimg.com/vi/9P3CEfStCr8/maxresdefault.jpg,https://www.youtube.com/watch?v=9P3CEfStCr8,2024-10-04 10:02:44.779+00,2024-10-04 10:02:44.779+00
173,أنشودة الحروف العربية للأطفال - قناة طم طم,https://i.ytimg.com/vi/hgwFHyOcwys/maxresdefault.jpg,https://www.youtube.com/watch?v=hgwFHyOcwys,2024-10-04 10:02:44.779+00,2024-10-04 10:02:44.779+00
174,أنشودة الحروف (بدون إيقاع) - طيور بيبي,https://i.ytimg.com/vi/AElUZfDGqjk/maxresdefault.jpg,https://www.youtube.com/watch?v=AElUZfDGqjk,2024-10-04 10:02:44.779+00,2024-10-04 10:02:44.779+00
175,أنشودة الحروف - طيور بيبي,https://i.ytimg.com/vi/nIQ0aF9WPuc/maxresdefault.jpg,https://www.youtube.com/watch?v=nIQ0aF9WPuc,2024-10-04 10:02:44.779+00,2024-10-04 10:02:44.779+00
176,أنشودة الاعداد,https://i.ytimg.com/vi/F6IU1TCiRzU/maxresdefault.jpg,https://www.youtube.com/watch?v=F6IU1TCiRzU,2024-10-04 10:02:44.779+00,2024-10-04 10:02:44.779+00
177,أنشودة  حيوانات الغابة عربي - انجليزي  أناشيد وأغاني أطفال باللغة العربية,https://i.ytimg.com/vi/Q7XPL7EISdc/maxresdefault.jpg,https://www.youtube.com/watch?v=Q7XPL7EISdc,2024-10-04 10:02:44.779+00,2024-10-04 10:02:44.779+00
178,"أناني ""بدون إيقاع"" - عصومي ووليد  طيور الجنة",https://i.ytimg.com/vi/hYnohWO3AKs/maxresdefault.jpg,https://www.youtube.com/watch?v=hYnohWO3AKs,2024-10-04 10:02:44.779+00,2024-10-04 10:02:44.779+00
179,أنا الفرخة واحنا الكتاكيت + يا أصحابي وصحباتي  كتاكيت بيبي 2018,https://i.ytimg.com/vi/4iRzXGu6tFA/maxresdefault.jpg,https://www.youtube.com/watch?v=4iRzXGu6tFA,2024-10-04 10:02:44.779+00,2024-10-04 10:02:44.779+00
180,أنا Small (بدون إيقاع) - طيور بيبي,https://i.ytimg.com/vi/xnnSL-rvOrk/maxresdefault.jpg,https://www.youtube.com/watch?v=xnnSL-rvOrk,2024-10-04 10:02:44.779+00,2024-10-04 10:02:44.779+00
181,أمي تكرم عينها (بدون إيقاع) - زينب المكحل  طيور الجنة,https://i.ytimg.com/vi/bptj_Ncz6SY/maxresdefault.jpg,https://www.youtube.com/watch?v=bptj_Ncz6SY,2024-10-04 10:02:44.779+00,2024-10-04 10:02:44.779+00
182,أم جميل والشهر الفضيل,https://i.ytimg.com/vi/cFjhQK0DVQc/maxresdefault.jpg,https://www.youtube.com/watch?v=cFjhQK0DVQc,2024-10-04 10:02:44.779+00,2024-10-04 10:02:44.779+00
183,ألوان - طيور بيبي,https://i.ytimg.com/vi/AdQCja4MBcY/maxresdefault.jpg,https://www.youtube.com/watch?v=AdQCja4MBcY,2024-10-04 10:02:44.779+00,2024-10-04 10:02:44.779+00
184,ألوان,https://i.ytimg.com/vi/ZbIty-R_WnM/maxresdefault.jpg,https://www.youtube.com/watch?v=ZbIty-R_WnM,2024-10-04 10:02:44.779+00,2024-10-04 10:02:44.779+00
185,ألف باء تاء - تعليم الأحرف العربية للصغار  Learning arabic letters for kids,https://i.ytimg.com/vi/o5R0y6XK-mg/maxresdefault.jpg,https://www.youtube.com/watch?v=o5R0y6XK-mg,2024-10-04 10:02:44.779+00,2024-10-04 10:02:44.779+00
186,ألعابك - زين ويارا  طيور بيبي,https://i.ytimg.com/vi/66M6XEJzuFw/maxresdefault.jpg,https://www.youtube.com/watch?v=66M6XEJzuFw,2024-10-04 10:02:44.779+00,2024-10-04 10:02:44.779+00
187,أغنية يلا هاتو الصينية,https://i.ytimg.com/vi/43Aq-4ktx0o/maxresdefault.jpg,https://www.youtube.com/watch?v=43Aq-4ktx0o,2024-10-04 10:02:44.779+00,2024-10-04 10:02:44.779+00
188,أغنية ياخواتي بحبّها  Luna TV - قناة لونا,https://i.ytimg.com/vi/jvAWBvpsIJ0/maxresdefault.jpg,https://www.youtube.com/watch?v=jvAWBvpsIJ0,2024-10-04 10:02:44.779+00,2024-10-04 10:02:44.779+00
189,أغنية يا غنماتي ماء ماء,https://i.ytimg.com/vi/E0H8fz7v9AE/maxresdefault.jpg,https://www.youtube.com/watch?v=E0H8fz7v9AE,2024-10-04 10:02:44.779+00,2024-10-04 10:02:44.779+00
190,أغنية يا غنماتي  - أغاني أطفال   قناة طم طم,https://i.ytimg.com/vi/WpGjbWh8xHU/maxresdefault.jpg,https://www.youtube.com/watch?v=WpGjbWh8xHU,2024-10-04 10:02:44.779+00,2024-10-04 10:02:44.779+00
191,أغنية هم هم هم فواكه  اغاني اطفال طم طم,https://i.ytimg.com/vi/PdU5oklegCs/maxresdefault.jpg,https://www.youtube.com/watch?v=PdU5oklegCs,2024-10-04 10:02:44.779+00,2024-10-04 10:02:44.779+00
192,أغنية هم هم لذيذة,https://i.ytimg.com/vi/d63x7gDlzf4/maxresdefault.jpg,https://www.youtube.com/watch?v=d63x7gDlzf4,2024-10-04 10:02:44.779+00,2024-10-04 10:02:44.779+00
193,أغنية هري هري مياو مياو - أغاني تعليم العربية,https://i.ytimg.com/vi/qZTlJCNQHyk/maxresdefault.jpg,https://www.youtube.com/watch?v=qZTlJCNQHyk,2024-10-04 10:02:44.779+00,2024-10-04 10:02:44.779+00
194,أغنية هالصيصان كتاكيت,https://i.ytimg.com/vi/oByM16UsIPc/maxresdefault.jpg,https://www.youtube.com/watch?v=oByM16UsIPc,2024-10-04 10:02:44.779+00,2024-10-04 10:02:44.779+00
195,أغنية هالصيصان صو صو  والوحش,https://i.ytimg.com/vi/g1R8EPq1EAQ/maxresdefault.jpg,https://www.youtube.com/watch?v=g1R8EPq1EAQ,2024-10-04 10:02:44.779+00,2024-10-04 10:02:44.779+00
196,أغنية هالصيصان شو حلوين 2018,https://i.ytimg.com/vi/H6qNS9toSWk/maxresdefault.jpg,https://www.youtube.com/watch?v=H6qNS9toSWk,2024-10-04 10:02:44.779+00,2024-10-04 10:02:44.779+00
197,أغنية هالصيصان شو حلوين - الصيصان الحلوين  قناة طم طم للأطفال,https://i.ytimg.com/vi/MEVPkQ7576I/maxresdefault.jpg,https://www.youtube.com/watch?v=MEVPkQ7576I,2024-10-04 10:02:44.779+00,2024-10-04 10:02:44.779+00
198,أغنية نيالي يانيالي,https://i.ytimg.com/vi/K5QVVTfXoQc/maxresdefault.jpg,https://www.youtube.com/watch?v=K5QVVTfXoQc,2024-10-04 10:02:44.779+00,2024-10-04 10:02:44.779+00
199,أغنية نونو,https://i.ytimg.com/vi/GreKkw9SO8M/maxresdefault.jpg,https://www.youtube.com/watch?v=GreKkw9SO8M,2024-10-04 10:02:44.779+00,2024-10-04 10:02:44.779+00
200,أغنية نم نم نمنومة,https://i.ytimg.com/vi/u9rUz2XWQnc/maxresdefault.jpg,https://www.youtube.com/watch?v=u9rUz2XWQnc,2024-10-04 10:02:44.779+00,2024-10-04 10:02:44.779+00
201,أغنية نطيطة,https://i.ytimg.com/vi/kZhaNhK170A/maxresdefault.jpg,https://www.youtube.com/watch?v=kZhaNhK170A,2024-10-04 10:02:44.779+00,2024-10-04 10:02:44.779+00
202,أغنية ماما طعمينا,https://i.ytimg.com/vi/xF_NNFrILq4/maxresdefault.jpg,https://www.youtube.com/watch?v=xF_NNFrILq4,2024-10-04 10:02:44.779+00,2024-10-04 10:02:44.779+00
203,أغنية ماما زمانها جاية + أجمل اغاني الاطفال,https://i.ytimg.com/vi/AwlQRSZEy9U/maxresdefault.jpg,https://www.youtube.com/watch?v=AwlQRSZEy9U,2024-10-04 10:02:44.779+00,2024-10-04 10:02:44.779+00
204,أغنية ماما زمانها جاية  Luna TV - قناة لونا,https://i.ytimg.com/vi/asuBOauTUfk/maxresdefault.jpg,https://www.youtube.com/watch?v=asuBOauTUfk,2024-10-04 10:02:44.779+00,2024-10-04 10:02:44.779+00
205,أغنية ليلة العيد للأطفال٢  فرحة العيد,https://i.ytimg.com/vi/c326QOLpBzE/maxresdefault.jpg,https://www.youtube.com/watch?v=c326QOLpBzE,2024-10-04 10:02:44.779+00,2024-10-04 10:02:44.779+00
206,أغنية ليلة العيد للأطفال  فرحة العيد,https://i.ytimg.com/vi/jxbMGYOabMk/maxresdefault.jpg,https://www.youtube.com/watch?v=jxbMGYOabMk,2024-10-04 10:02:44.779+00,2024-10-04 10:02:44.779+00
207,أغنية كلوبي,https://i.ytimg.com/vi/883Az0zNbnU/maxresdefault.jpg,https://www.youtube.com/watch?v=883Az0zNbnU,2024-10-04 10:02:44.779+00,2024-10-04 10:02:44.779+00
208,أغنية قطتي الصغيرة - اغاني اطفال,https://i.ytimg.com/vi/sgjPlM24e7o/maxresdefault.jpg,https://www.youtube.com/watch?v=sgjPlM24e7o,2024-10-04 10:02:44.779+00,2024-10-04 10:02:44.779+00
209,أغنية قطة نو نو,https://i.ytimg.com/vi/bRfljqUWrpg/maxresdefault.jpg,https://www.youtube.com/watch?v=bRfljqUWrpg,2024-10-04 10:02:44.779+00,2024-10-04 10:02:44.779+00
210,أغنية قرود اخد البطيخة,https://i.ytimg.com/vi/ybDuVXVh8UQ/maxresdefault.jpg,https://www.youtube.com/watch?v=ybDuVXVh8UQ,2024-10-04 10:02:44.779+00,2024-10-04 10:02:44.779+00
211,أغنية فواكه هم هم,https://i.ytimg.com/vi/3P6puJ3P7VQ/maxresdefault.jpg,https://www.youtube.com/watch?v=3P6puJ3P7VQ,2024-10-04 10:02:44.779+00,2024-10-04 10:02:44.779+00
212,أغنية غسل الأسنان للأطفال  - قناة طم طم,https://i.ytimg.com/vi/XCdiVIRP2Jc/maxresdefault.jpg,https://www.youtube.com/watch?v=XCdiVIRP2Jc,2024-10-04 10:02:44.779+00,2024-10-04 10:02:44.779+00
213,أغنية عصير,https://i.ytimg.com/vi/6rbiHMONBSI/maxresdefault.jpg,https://www.youtube.com/watch?v=6rbiHMONBSI,2024-10-04 10:02:44.779+00,2024-10-04 10:02:44.779+00
214,أغنية عشر قطط - تعليم اللغة العربية للأطفال,https://i.ytimg.com/vi/0TUdhkJkOkk/maxresdefault.jpg,https://www.youtube.com/watch?v=0TUdhkJkOkk,2024-10-04 10:02:44.779+00,2024-10-04 10:02:44.779+00
215,أغنية ضو,https://i.ytimg.com/vi/1lxaRWEWa6k/maxresdefault.jpg,https://www.youtube.com/watch?v=1lxaRWEWa6k,2024-10-04 10:02:44.779+00,2024-10-04 10:02:44.779+00
216,أغنية صغير كبير,https://i.ytimg.com/vi/mDoNWFVGxUY/maxresdefault.jpg,https://www.youtube.com/watch?v=mDoNWFVGxUY,2024-10-04 10:02:44.779+00,2024-10-04 10:02:44.779+00
217,أغنية شوكولا,https://i.ytimg.com/vi/59kafDMI3Jw/maxresdefault.jpg,https://www.youtube.com/watch?v=59kafDMI3Jw,2024-10-04 10:02:44.779+00,2024-10-04 10:02:44.779+00
218,أغنية شو هاد اللون ؟,https://i.ytimg.com/vi/-X44DtFL8SU/maxresdefault.jpg,https://www.youtube.com/watch?v=-X44DtFL8SU,2024-10-04 10:02:44.779+00,2024-10-04 10:02:44.779+00
219,أغنية شرطة البيبي وي وي وي,https://i.ytimg.com/vi/VrgUh_IP-yU/maxresdefault.jpg,https://www.youtube.com/watch?v=VrgUh_IP-yU,2024-10-04 10:02:44.779+00,2024-10-04 10:02:44.779+00
220,أغنية ساعدوني  دودي في خطر,https://i.ytimg.com/vi/hA4zGclqT-s/maxresdefault.jpg,https://www.youtube.com/watch?v=hA4zGclqT-s,2024-10-04 10:02:44.779+00,2024-10-04 10:02:44.779+00
221,أغنية ذهب الليل طلع الفجر 1   قناة طم طم -  أغاني أطفال,https://i.ytimg.com/vi/pcOseh0TSPY/maxresdefault.jpg,https://www.youtube.com/watch?v=pcOseh0TSPY,2024-10-04 10:02:44.779+00,2024-10-04 10:02:44.779+00
222,أغنية ذهب الليل طلع الفجر  #ذهب_الليل_طلع_الفجر,https://i.ytimg.com/vi/-GvfI7P1zJs/maxresdefault.jpg,https://www.youtube.com/watch?v=-GvfI7P1zJs,2024-10-04 10:02:44.779+00,2024-10-04 10:02:44.779+00
223,أغنية ذهب الليل طلع الفجر,https://i.ytimg.com/vi/yq5TScl9ecI/maxresdefault.jpg,https://www.youtube.com/watch?v=yq5TScl9ecI,2024-10-04 10:02:44.779+00,2024-10-04 10:02:44.779+00
224,أغنية دو دو الفواكه,https://i.ytimg.com/vi/qdNguJ7q6h8/maxresdefault.jpg,https://www.youtube.com/watch?v=qdNguJ7q6h8,2024-10-04 10:02:44.779+00,2024-10-04 10:02:44.779+00
225,أغنية دق دق مين ع الباب,https://i.ytimg.com/vi/uw1oMUur9Kg/maxresdefault.jpg,https://www.youtube.com/watch?v=uw1oMUur9Kg,2024-10-04 10:02:44.779+00,2024-10-04 10:02:44.779+00
226,أغنية دق دق من بالباب  قناة طم طم,https://i.ytimg.com/vi/cYlVTfS-1oE/maxresdefault.jpg,https://www.youtube.com/watch?v=cYlVTfS-1oE,2024-10-04 10:02:44.779+00,2024-10-04 10:02:44.779+00
227,أغنية حيوانات المزرعة جدو علي عندو حمار,https://i.ytimg.com/vi/_I8s54ypxC0/maxresdefault.jpg,https://www.youtube.com/watch?v=_I8s54ypxC0,2024-10-04 10:02:44.779+00,2024-10-04 10:02:44.779+00
228,أغنية حظيرة الحيوانات  أغاني أطفال,https://i.ytimg.com/vi/w45muV_DXm8/maxresdefault.jpg,https://www.youtube.com/watch?v=w45muV_DXm8,2024-10-04 10:02:44.779+00,2024-10-04 10:02:44.779+00
229,أغنية حراامي رن رن ياشرطة,https://i.ytimg.com/vi/IKC0tn40d0c/maxresdefault.jpg,https://www.youtube.com/watch?v=IKC0tn40d0c,2024-10-04 10:02:44.779+00,2024-10-04 10:02:44.779+00
230,أغنية جوعانين,https://i.ytimg.com/vi/mRySZgzl4wU/maxresdefault.jpg,https://www.youtube.com/watch?v=mRySZgzl4wU,2024-10-04 10:02:44.779+00,2024-10-04 10:02:44.779+00
231,أغنية توت توت يا كتكوت - أغاني أطفال,https://i.ytimg.com/vi/49ThnEpsprU/maxresdefault.jpg,https://www.youtube.com/watch?v=49ThnEpsprU,2024-10-04 10:02:44.779+00,2024-10-04 10:02:44.779+00
232,أغنية توت توت قطر صغنطوط  داني تي في,https://i.ytimg.com/vi/eFuS80j6FZE/maxresdefault.jpg,https://www.youtube.com/watch?v=eFuS80j6FZE,2024-10-04 10:02:44.779+00,2024-10-04 10:02:44.779+00
233,أغنية بيبي الغنمة ضاعت,https://i.ytimg.com/vi/la2C507oFKA/maxresdefault.jpg,https://www.youtube.com/watch?v=la2C507oFKA,2024-10-04 10:02:44.779+00,2024-10-04 10:02:44.779+00
234,أغنية بيب بيب,https://i.ytimg.com/vi/LRRS9A5dNnE/maxresdefault.jpg,https://www.youtube.com/watch?v=LRRS9A5dNnE,2024-10-04 10:02:44.779+00,2024-10-04 10:02:44.779+00
235,أغنية بطة بطوطة - أغاني أطفال,https://i.ytimg.com/vi/Jl2oa8VvaW0/maxresdefault.jpg,https://www.youtube.com/watch?v=Jl2oa8VvaW0,2024-10-04 10:02:44.779+00,2024-10-04 10:02:44.779+00
236,أغنية بدي حليب,https://i.ytimg.com/vi/OPyf5s5xUiU/maxresdefault.jpg,https://www.youtube.com/watch?v=OPyf5s5xUiU,2024-10-04 10:02:44.779+00,2024-10-04 10:02:44.779+00
237,أغنية بالوني,https://i.ytimg.com/vi/vD2oSoQ-Uxk/maxresdefault.jpg,https://www.youtube.com/watch?v=vD2oSoQ-Uxk,2024-10-04 10:02:44.779+00,2024-10-04 10:02:44.779+00
238,أغنية بابا جاي إمتى  قناة مرح كي جي - Marah KG,https://i.ytimg.com/vi/tOqW0THjyq8/sddefault.jpg,https://www.youtube.com/watch?v=tOqW0THjyq8,2024-10-04 10:02:44.779+00,2024-10-04 10:02:44.779+00
239,أغنية بابا بابا حاجة نوم,https://i.ytimg.com/vi/ibmf-K0SvLI/maxresdefault.jpg,https://www.youtube.com/watch?v=ibmf-K0SvLI,2024-10-04 10:02:44.779+00,2024-10-04 10:02:44.779+00
240,أغنية أينك يا ذؤوب  بدون موسيقى,https://i.ytimg.com/vi/QW81O1Dg_R4/maxresdefault.jpg,https://www.youtube.com/watch?v=QW81O1Dg_R4,2024-10-04 10:02:44.779+00,2024-10-04 10:02:44.779+00
241,أغنية أينك يا ذؤوب -  قناة طم طم للأطفال,https://i.ytimg.com/vi/pWNUnXQ4g8g/maxresdefault.jpg,https://www.youtube.com/watch?v=pWNUnXQ4g8g,2024-10-04 10:02:44.779+00,2024-10-04 10:02:44.779+00
242,أغنية أنا بقرة -  أغاني أطفال   قناة طم طم,https://i.ytimg.com/vi/SYNv4Wg0NdA/maxresdefault.jpg,https://www.youtube.com/watch?v=SYNv4Wg0NdA,2024-10-04 10:02:44.779+00,2024-10-04 10:02:44.779+00
243,أغنية أكلك منين يا بطة  Luna TV - قناة لونا,https://i.ytimg.com/vi/LrfgMHFligo/maxresdefault.jpg,https://www.youtube.com/watch?v=LrfgMHFligo,2024-10-04 10:02:44.779+00,2024-10-04 10:02:44.779+00
244,أغنية أصوات الحيوانات -  أغنية صوت الديك    قناة طم طم,https://i.ytimg.com/vi/5mLei28XKtE/maxresdefault.jpg,https://www.youtube.com/watch?v=5mLei28XKtE,2024-10-04 10:02:44.779+00,2024-10-04 10:02:44.779+00
245,أغنية أسناني أي,https://i.ytimg.com/vi/-v0qlEYAd5c/maxresdefault.jpg,https://www.youtube.com/watch?v=-v0qlEYAd5c,2024-10-04 10:02:44.779+00,2024-10-04 10:02:44.779+00
246,أغنية أسرع أسرع خطر,https://i.ytimg.com/vi/kNbkfPDI22c/maxresdefault.jpg,https://www.youtube.com/watch?v=kNbkfPDI22c,2024-10-04 10:02:44.779+00,2024-10-04 10:02:44.779+00
247,أغنية انا دودي بعدولي,https://i.ytimg.com/vi/sNC9U3L1KOs/maxresdefault.jpg,https://www.youtube.com/watch?v=sNC9U3L1KOs,2024-10-04 10:02:44.779+00,2024-10-04 10:02:44.779+00
248,أغنية انا احب ماما وماما تحبني  Luna TV - قناة لونا,https://i.ytimg.com/vi/_lOIX75q1qI/maxresdefault.jpg,https://www.youtube.com/watch?v=_lOIX75q1qI,2024-10-04 10:02:44.779+00,2024-10-04 10:02:44.779+00
249,أغنية القطة المشمشية,https://i.ytimg.com/vi/zN2jH1mD03g/sddefault.jpg,https://www.youtube.com/watch?v=zN2jH1mD03g,2024-10-04 10:02:44.779+00,2024-10-04 10:02:44.779+00
250,أغنية الفواكه والخضروات الجديدة,https://i.ytimg.com/vi/OGBCufMR5bQ/maxresdefault.jpg,https://www.youtube.com/watch?v=OGBCufMR5bQ,2024-10-04 10:02:44.779+00,2024-10-04 10:02:44.779+00
251,أغنية الصيصان ضايعين,https://i.ytimg.com/vi/aXQYQ-oZNWI/maxresdefault.jpg,https://www.youtube.com/watch?v=aXQYQ-oZNWI,2024-10-04 10:02:44.779+00,2024-10-04 10:02:44.779+00
252,أغنية الخضروات - طمطومة وبطاطا وبصل   لاغاني الاطفال,https://i.ytimg.com/vi/e2WoMYwZ7ac/maxresdefault.jpg,https://www.youtube.com/watch?v=e2WoMYwZ7ac,2024-10-04 10:02:44.779+00,2024-10-04 10:02:44.779+00
253,أغنية الخضروات - البطاطا,https://i.ytimg.com/vi/68jQhdDT_nc/maxresdefault.jpg,https://www.youtube.com/watch?v=68jQhdDT_nc,2024-10-04 10:02:44.779+00,2024-10-04 10:02:44.779+00
254,أغنية الحمام,https://i.ytimg.com/vi/VN6tWE5mTUQ/maxresdefault.jpg,https://www.youtube.com/watch?v=VN6tWE5mTUQ,2024-10-04 10:02:44.779+00,2024-10-04 10:02:44.779+00
255,أغنية الحروف العربية  للأطفال -  قناة طم طم,https://i.ytimg.com/vi/Xa3EzUnK2yQ/maxresdefault.jpg,https://www.youtube.com/watch?v=Xa3EzUnK2yQ,2024-10-04 10:02:44.779+00,2024-10-04 10:02:44.779+00
256,أغنية الثعلب الكذاب,https://i.ytimg.com/vi/38fwZUcsjpM/maxresdefault.jpg,https://www.youtube.com/watch?v=38fwZUcsjpM,2024-10-04 10:02:44.779+00,2024-10-04 10:02:44.779+00
257,أغنية البيبي عم يبكي,https://i.ytimg.com/vi/BSX3u2E0Fvw/maxresdefault.jpg,https://www.youtube.com/watch?v=BSX3u2E0Fvw,2024-10-04 10:02:44.779+00,2024-10-04 10:02:44.779+00
258,أغنية البيبي الزين,https://i.ytimg.com/vi/TDx45Rn_GqU/maxresdefault.jpg,https://www.youtube.com/watch?v=TDx45Rn_GqU,2024-10-04 10:02:44.779+00,2024-10-04 10:02:44.779+00
259,أغنية البنات البنات  Luna TV - قناة لونا,https://i.ytimg.com/vi/zAKZOCS4sWk/maxresdefault.jpg,https://www.youtube.com/watch?v=zAKZOCS4sWk,2024-10-04 10:02:44.779+00,2024-10-04 10:02:44.779+00
260,أغنية البقرة هم هم هم  بدون موسيقى,https://i.ytimg.com/vi/MLpek4tsfTI/maxresdefault.jpg,https://www.youtube.com/watch?v=MLpek4tsfTI,2024-10-04 10:02:44.779+00,2024-10-04 10:02:44.779+00
261,أغنية البقرة هم هم هم  بتقويني ما فيني,https://i.ytimg.com/vi/F3TdjmdbVVw/maxresdefault.jpg,https://www.youtube.com/watch?v=F3TdjmdbVVw,2024-10-04 10:02:44.779+00,2024-10-04 10:02:44.779+00
262,أغنية البطات الخمسة,https://i.ytimg.com/vi/a6UkPB1GByk/maxresdefault.jpg,https://www.youtube.com/watch?v=a6UkPB1GByk,2024-10-04 10:02:44.779+00,2024-10-04 10:02:44.779+00
263,أغنية الأناناس   بدون موسيقى - أغاني أطفال   قناة طم طم,https://i.ytimg.com/vi/laav-3MfQis/maxresdefault.jpg,https://www.youtube.com/watch?v=laav-3MfQis,2024-10-04 10:02:44.779+00,2024-10-04 10:02:44.779+00
264,أغنية الأناناس - أغاني أطفال   قناة طم طم,https://i.ytimg.com/vi/uZHhjDKep2M/maxresdefault.jpg,https://www.youtube.com/watch?v=uZHhjDKep2M,2024-10-04 10:02:44.779+00,2024-10-04 10:02:44.779+00
265,أغنية الألوان colors  انشودة تعليم الألوان للأطفال,https://i.ytimg.com/vi/WODzRMvziDs/sddefault.jpg,https://www.youtube.com/watch?v=WODzRMvziDs,2024-10-04 10:02:44.779+00,2024-10-04 10:02:44.779+00
266,أغنية الألوان 2   عربي - انجليزي   قناة طم طم - Tam Tam  tv,https://i.ytimg.com/vi/tNPD8zFwd-M/maxresdefault.jpg,https://www.youtube.com/watch?v=tNPD8zFwd-M,2024-10-04 10:02:44.779+00,2024-10-04 10:02:44.779+00
267,أغنية الأشكال للأطفال -  قناة طم طم,https://i.ytimg.com/vi/T1VwpXymvpw/maxresdefault.jpg,https://www.youtube.com/watch?v=T1VwpXymvpw,2024-10-04 10:02:44.779+00,2024-10-04 10:02:44.779+00
268,أغنية الالوان colors - الألوان لالالا الجديدة #الوان #الالوان,https://i.ytimg.com/vi/E4m4yMc5pro/hqdefault.jpg,https://www.youtube.com/watch?v=E4m4yMc5pro,2024-10-04 10:02:44.779+00,2024-10-04 10:02:44.779+00
269,أغنية الاسعاف وي وي,https://i.ytimg.com/vi/oseJrR_pXxU/maxresdefault.jpg,https://www.youtube.com/watch?v=oseJrR_pXxU,2024-10-04 10:02:44.779+00,2024-10-04 10:02:44.779+00
270,أغنية  خمس أصابع    قناة طم طم  -  Fingers Family song in arabic,https://i.ytimg.com/vi/mrhVDkd5VtE/maxresdefault.jpg,https://www.youtube.com/watch?v=mrhVDkd5VtE,2024-10-04 10:02:44.779+00,2024-10-04 10:02:44.779+00
271,أغنية  أصوات الحيوانات الأليفة  أغاني أطفال  طم طم,https://i.ytimg.com/vi/oo4fCBQwxVE/maxresdefault.jpg,https://www.youtube.com/watch?v=oo4fCBQwxVE,2024-10-04 10:02:44.779+00,2024-10-04 10:02:44.779+00
272,أصوات الحيوانات - طيور الجنة,https://i.ytimg.com/vi/s9ty2k_vndk/maxresdefault.jpg,https://www.youtube.com/watch?v=s9ty2k_vndk,2024-10-04 10:02:44.779+00,2024-10-04 10:02:44.779+00
273,أسناني واوا ـ قناة طيور الجنة ـ بدون إيقاع ، رائعة للأطفال عن الاهتمام بالأسنان,https://i.ytimg.com/vi/spfntpwa63M/hqdefault.jpg,https://www.youtube.com/watch?v=spfntpwa63M,2024-10-04 10:02:44.779+00,2024-10-04 10:02:44.779+00
274,أجمل أغاني الأطفال  هالصيصان - ذهب الليل - ياغنماتي - ماما زمانها جاية,https://i.ytimg.com/vi/XqDRZkFRTFc/sddefault.jpg,https://www.youtube.com/watch?v=XqDRZkFRTFc,2024-10-04 10:02:44.779+00,2024-10-04 10:02:44.779+00
275,أجمل أغاني الأطفال - اناشيد الروضة,https://i.ytimg.com/vi/e0TaOSPFfF0/maxresdefault.jpg,https://www.youtube.com/watch?v=e0TaOSPFfF0,2024-10-04 10:02:44.779+00,2024-10-04 10:02:44.779+00
276,أبو قلب طيب (بدون إيقاع) - محمد بشار  طيور الجنة,https://i.ytimg.com/vi/uI-ihI4QBnE/maxresdefault.jpg,https://www.youtube.com/watch?v=uI-ihI4QBnE,2024-10-04 10:02:44.779+00,2024-10-04 10:02:44.779+00
277,إيدي - طيور بيبي,https://i.ytimg.com/vi/XvVSx0EtPxg/maxresdefault.jpg,https://www.youtube.com/watch?v=XvVSx0EtPxg,2024-10-04 10:02:44.779+00,2024-10-04 10:02:44.779+00
278,إلعب إلعب (بدون إيقاع) - المقاديد  طيور الجنة,https://i.ytimg.com/vi/QcV8qViDTQY/maxresdefault.jpg,https://www.youtube.com/watch?v=QcV8qViDTQY,2024-10-04 10:02:44.779+00,2024-10-04 10:02:44.779+00
279,انشودة رفيقي الارنب - قفز الارنب خاف الارنب كمت قريبا منه العب   لاغاني الاطفال,https://i.ytimg.com/vi/l81-VDgsCqc/maxresdefault.jpg,https://www.youtube.com/watch?v=l81-VDgsCqc,2024-10-04 10:02:44.779+00,2024-10-04 10:02:44.779+00
280,انشودة انا الفرخة واحنا الكتاكيت + اجمل اغاني الاطفال   DanyTv,https://i.ytimg.com/vi/ckDxW1USFtQ/maxresdefault.jpg,https://www.youtube.com/watch?v=ckDxW1USFtQ,2024-10-04 10:02:44.779+00,2024-10-04 10:02:44.779+00
281,اناشيد الروضة - تعليم الاطفال - نشيد الأشكال The Shapes ( 3 ) - بدون موسيقى,https://i.ytimg.com/vi/BrPfHKgcZpI/maxresdefault.jpg,https://www.youtube.com/watch?v=BrPfHKgcZpI,2024-10-04 10:02:44.779+00,2024-10-04 10:02:44.779+00
282,اناشيد الروضة - تعليم الاطفال - الفواكه - بدون موسيقى - بدون ايقاع,https://i.ytimg.com/vi/YEGsRKDsd1k/maxresdefault.jpg,https://www.youtube.com/watch?v=YEGsRKDsd1k,2024-10-04 10:02:44.779+00,2024-10-04 10:02:44.779+00
283,انا دجاجة نحن الكتاكيت - نسخة جديدة -  أغاني أطفال,https://i.ytimg.com/vi/e1wB5Cpq2h0/maxresdefault.jpg,https://www.youtube.com/watch?v=e1wB5Cpq2h0,2024-10-04 10:02:44.779+00,2024-10-04 10:02:44.779+00
284,انا جنى,https://i.ytimg.com/vi/ekIjhBtMeH4/hqdefault.jpg,https://www.youtube.com/watch?v=ekIjhBtMeH4,2024-10-04 10:02:44.779+00,2024-10-04 10:02:44.779+00
285,انا جاد انا اياد (بدون إيقاع) - جاد وإياد,https://i.ytimg.com/vi/_J34ROIkQiw/maxresdefault.jpg,https://www.youtube.com/watch?v=_J34ROIkQiw,2024-10-04 10:02:44.779+00,2024-10-04 10:02:44.779+00
286,انا الفرخة واحنة الكتاكيت + اجمل اغاني الاطفال,https://i.ytimg.com/vi/zEeDmaxegDA/maxresdefault.jpg,https://www.youtube.com/watch?v=zEeDmaxegDA,2024-10-04 10:02:44.779+00,2024-10-04 10:02:44.779+00
287,انا Small,https://i.ytimg.com/vi/FF6PYv05EmA/maxresdefault.jpg,https://www.youtube.com/watch?v=FF6PYv05EmA,2024-10-04 10:02:44.779+00,2024-10-04 10:02:44.779+00
288,الو الو يا شرطة تعالوا  يا شرطة حرامي  اغاني الاطفال من,https://i.ytimg.com/vi/DARmRCumC3E/maxresdefault.jpg,https://www.youtube.com/watch?v=DARmRCumC3E,2024-10-04 10:02:44.779+00,2024-10-04 10:02:44.779+00
289,النملة والصرصور,https://i.ytimg.com/vi/hf_QjXRn4Eo/maxresdefault.jpg,https://www.youtube.com/watch?v=hf_QjXRn4Eo,2024-10-04 10:02:44.779+00,2024-10-04 10:02:44.779+00
290,النظافة من الإيمان,https://i.ytimg.com/vi/wfp5OR9jDng/maxresdefault.jpg,https://www.youtube.com/watch?v=wfp5OR9jDng,2024-10-04 10:02:44.779+00,2024-10-04 10:02:44.779+00
291,النظافة من الايمان (بدون إيقاع) - طيور بيبي,https://i.ytimg.com/vi/zpEi6qb8wGE/maxresdefault.jpg,https://www.youtube.com/watch?v=zpEi6qb8wGE,2024-10-04 10:02:44.779+00,2024-10-04 10:02:44.779+00
292,النظافة من الايمان - طيور بيبي,https://i.ytimg.com/vi/BlgQSzea-dU/maxresdefault.jpg,https://www.youtube.com/watch?v=BlgQSzea-dU,2024-10-04 10:02:44.779+00,2024-10-04 10:02:44.779+00
293,النضافة حلوة  النظافة الشخصية للأطفال,https://i.ytimg.com/vi/6huQZ-p3HtU/sddefault.jpg,https://www.youtube.com/watch?v=6huQZ-p3HtU,2024-10-04 10:02:44.779+00,2024-10-04 10:02:44.779+00
294,"النحلة ""بدون إيقاع"" - قناة بيبي الفضائية",https://i.ytimg.com/vi/FLJEn8pmPOo/maxresdefault.jpg,https://www.youtube.com/watch?v=FLJEn8pmPOo,2024-10-04 10:02:44.779+00,2024-10-04 10:02:44.779+00
295,النحلة - طيور بيبي,https://i.ytimg.com/vi/EqaBwnmexKo/maxresdefault.jpg,https://www.youtube.com/watch?v=EqaBwnmexKo,2024-10-04 10:02:44.779+00,2024-10-04 10:02:44.779+00
296,النحلة,https://i.ytimg.com/vi/N1zNYn96IYU/maxresdefault.jpg,https://www.youtube.com/watch?v=N1zNYn96IYU,2024-10-04 10:02:44.779+00,2024-10-04 10:02:44.779+00
297,الموزة,https://i.ytimg.com/vi/rRejZ3J2E4Y/maxresdefault.jpg,https://www.youtube.com/watch?v=rRejZ3J2E4Y,2024-10-04 10:02:44.779+00,2024-10-04 10:02:44.779+00
298,الممرضة (بدون إيقاع) - عصومي ووليد  طيور الجنة,https://i.ytimg.com/vi/yRhIqvMd5kE/maxresdefault.jpg,https://www.youtube.com/watch?v=yRhIqvMd5kE,2024-10-04 10:02:44.779+00,2024-10-04 10:02:44.779+00
299,"الليمونة والبرتقالة ""بدون إيقاع"" - طيور بيبي",https://i.ytimg.com/vi/ZgUCuW8aRCY/maxresdefault.jpg,https://www.youtube.com/watch?v=ZgUCuW8aRCY,2024-10-04 10:02:44.779+00,2024-10-04 10:02:44.779+00
300,الليمونة والبرتقالة - طيور بيبي,https://i.ytimg.com/vi/WwLHY2lv__Q/maxresdefault.jpg,https://www.youtube.com/watch?v=WwLHY2lv__Q,2024-10-04 10:02:44.779+00,2024-10-04 10:02:44.779+00
301,الليمونة والبرتقالة,https://i.ytimg.com/vi/tw_pvzDkEKo/maxresdefault.jpg,https://www.youtube.com/watch?v=tw_pvzDkEKo,2024-10-04 10:02:44.779+00,2024-10-04 10:02:44.779+00
302,الليمونة,https://i.ytimg.com/vi/3Lh3EVnu4Yw/maxresdefault.jpg,https://www.youtube.com/watch?v=3Lh3EVnu4Yw,2024-10-04 10:02:44.779+00,2024-10-04 10:02:44.779+00
303,الكرزتين (بدون إيقاع) - طيور بيبي,https://i.ytimg.com/vi/iYED_hr59ek/maxresdefault.jpg,https://www.youtube.com/watch?v=iYED_hr59ek,2024-10-04 10:02:44.779+00,2024-10-04 10:02:44.779+00
304,الكرزتين,https://i.ytimg.com/vi/OIO5DBpDu8w/maxresdefault.jpg,https://www.youtube.com/watch?v=OIO5DBpDu8w,2024-10-04 10:02:44.779+00,2024-10-04 10:02:44.779+00
305,الكتكوت صوصو  -  أغنية أصوات الحيوانات  -  قناة طم طم,https://i.ytimg.com/vi/uBo_Bj1hgCs/maxresdefault.jpg,https://www.youtube.com/watch?v=uBo_Bj1hgCs,2024-10-04 10:02:44.779+00,2024-10-04 10:02:44.779+00
306,الكتكوت,https://i.ytimg.com/vi/Q1XJreUetKQ/maxresdefault.jpg,https://www.youtube.com/watch?v=Q1XJreUetKQ,2024-10-04 10:02:44.779+00,2024-10-04 10:02:44.779+00
307,القنافذ,https://i.ytimg.com/vi/OHWvHHMYGF4/maxresdefault.jpg,https://www.youtube.com/watch?v=OHWvHHMYGF4,2024-10-04 10:02:44.779+00,2024-10-04 10:02:44.779+00
308,القطة المشمشية حلوة بس شقية,https://i.ytimg.com/vi/-y6gDOgYWDQ/maxresdefault.jpg,https://www.youtube.com/watch?v=-y6gDOgYWDQ,2024-10-04 10:02:44.779+00,2024-10-04 10:02:44.779+00
309,الفيل الطيوب (بدون إيقاع) - طيور بيبي,https://i.ytimg.com/vi/mG-proytMh8/maxresdefault.jpg,https://www.youtube.com/watch?v=mG-proytMh8,2024-10-04 10:02:44.779+00,2024-10-04 10:02:44.779+00
310,الفيل الطيوب - طيور بيبي,https://i.ytimg.com/vi/d3FkOkSE1i8/maxresdefault.jpg,https://www.youtube.com/watch?v=d3FkOkSE1i8,2024-10-04 10:02:44.779+00,2024-10-04 10:02:44.779+00
311,الفيل الطيوب,https://i.ytimg.com/vi/E9ggvIAPmSM/maxresdefault.jpg,https://www.youtube.com/watch?v=E9ggvIAPmSM,2024-10-04 10:02:44.779+00,2024-10-04 10:02:44.779+00
312,الفواكه,https://i.ytimg.com/vi/N3fHhPUk0U0/maxresdefault.jpg,https://www.youtube.com/watch?v=N3fHhPUk0U0,2024-10-04 10:02:44.779+00,2024-10-04 10:02:44.779+00
313,الفم (بدون إيقاع) - طيور بيبي,https://i.ytimg.com/vi/0tqZY36dCU8/maxresdefault.jpg,https://www.youtube.com/watch?v=0tqZY36dCU8,2024-10-04 10:02:44.779+00,2024-10-04 10:02:44.779+00
314,الفطار  اغنية وجبة الافطار للاطفال,https://i.ytimg.com/vi/89h8NkQ9cGY/maxresdefault.jpg,https://www.youtube.com/watch?v=89h8NkQ9cGY,2024-10-04 10:02:44.779+00,2024-10-04 10:02:44.779+00
315,الفراولة,https://i.ytimg.com/vi/yNV-FNX__hw/maxresdefault.jpg,https://www.youtube.com/watch?v=yNV-FNX__hw,2024-10-04 10:02:44.779+00,2024-10-04 10:02:44.779+00
316,الفراشة   - طيور بيبي,https://i.ytimg.com/vi/5fgElT5p8nw/maxresdefault.jpg,https://www.youtube.com/watch?v=5fgElT5p8nw,2024-10-04 10:02:44.779+00,2024-10-04 10:02:44.779+00
317,العنب,https://i.ytimg.com/vi/yLZrdeSRVPs/maxresdefault.jpg,https://www.youtube.com/watch?v=yLZrdeSRVPs,2024-10-04 10:02:44.779+00,2024-10-04 10:02:44.779+00
318,الطيارة,https://i.ytimg.com/vi/a_eA00olPt0/maxresdefault.jpg,https://www.youtube.com/watch?v=a_eA00olPt0,2024-10-04 10:02:44.779+00,2024-10-04 10:02:44.779+00
319,"الطوشه "" اولاد وبنات ""  - نجوم كراميش  قناة كراميش Karameesh Tv",https://i.ytimg.com/vi/2cdOwLi1eWE/maxresdefault.jpg,https://www.youtube.com/watch?v=2cdOwLi1eWE,2024-10-04 10:02:44.779+00,2024-10-04 10:02:44.779+00
320,الصدقة - طيور بيبي,https://i.ytimg.com/vi/_s7CB-EaXAE/maxresdefault.jpg,https://www.youtube.com/watch?v=_s7CB-EaXAE,2024-10-04 10:02:44.779+00,2024-10-04 10:02:44.779+00
321,الرياضة (بدون إيقاع) - طيور بيبي,https://i.ytimg.com/vi/dKNtknH2bRI/maxresdefault.jpg,https://www.youtube.com/watch?v=dKNtknH2bRI,2024-10-04 10:02:44.779+00,2024-10-04 10:02:44.779+00
322,الرياضة,https://i.ytimg.com/vi/AC2gIL_OrKE/maxresdefault.jpg,https://www.youtube.com/watch?v=AC2gIL_OrKE,2024-10-04 10:02:44.779+00,2024-10-04 10:02:44.779+00
323,الراعي الكذاب - طيور بيبي,https://i.ytimg.com/vi/UkQWkE7c0Yc/maxresdefault.jpg,https://www.youtube.com/watch?v=UkQWkE7c0Yc,2024-10-04 10:02:44.779+00,2024-10-04 10:02:44.779+00
324,الراعي الكذاب,https://i.ytimg.com/vi/lOvChylabHQ/maxresdefault.jpg,https://www.youtube.com/watch?v=lOvChylabHQ,2024-10-04 10:02:44.779+00,2024-10-04 10:02:44.779+00
325,الديك بيصحى - قناة بيبي الفضائية,https://i.ytimg.com/vi/5E-12ww1XuQ/maxresdefault.jpg,https://www.youtube.com/watch?v=5E-12ww1XuQ,2024-10-04 10:02:44.779+00,2024-10-04 10:02:44.779+00
326,الديك بيصحا,https://i.ytimg.com/vi/ao2ODVExpNM/maxresdefault.jpg,https://www.youtube.com/watch?v=ao2ODVExpNM,2024-10-04 10:02:44.779+00,2024-10-04 10:02:44.779+00
327,الدودة,https://i.ytimg.com/vi/0fjobyM4iXc/maxresdefault.jpg,https://www.youtube.com/watch?v=0fjobyM4iXc,2024-10-04 10:02:44.779+00,2024-10-04 10:02:44.779+00
328,الخيارة,https://i.ytimg.com/vi/x3raHSrbAto/maxresdefault.jpg,https://www.youtube.com/watch?v=x3raHSrbAto,2024-10-04 10:02:44.779+00,2024-10-04 10:02:44.779+00
329,الحواس الخمسة - طيور بيبي,https://i.ytimg.com/vi/WFcXa0n7RNY/maxresdefault.jpg,https://www.youtube.com/watch?v=WFcXa0n7RNY,2024-10-04 10:02:44.779+00,2024-10-04 10:02:44.779+00
330,الحواس الخمسة,https://i.ytimg.com/vi/N3KZDima8D4/maxresdefault.jpg,https://www.youtube.com/watch?v=N3KZDima8D4,2024-10-04 10:02:44.779+00,2024-10-04 10:02:44.779+00
331,الحلو صار يحبي - جنى مقداد  طيور بيبي,https://i.ytimg.com/vi/40KhSq6Kx9o/maxresdefault.jpg,https://www.youtube.com/watch?v=40KhSq6Kx9o,2024-10-04 10:02:44.779+00,2024-10-04 10:02:44.779+00
332,الحروف العربية من الالف الى الياء - الحروف الهجائية للأطفال,https://i.ytimg.com/vi/axgPbG-s4Tk/maxresdefault.jpg,https://www.youtube.com/watch?v=axgPbG-s4Tk,2024-10-04 10:02:44.779+00,2024-10-04 10:02:44.779+00
333,الحروف العربية  أغاني تعليمية للأطفال بالعربي,https://i.ytimg.com/vi/TR_oInfozK0/maxresdefault.jpg,https://www.youtube.com/watch?v=TR_oInfozK0,2024-10-04 10:02:44.779+00,2024-10-04 10:02:44.779+00
334,الجزرة,https://i.ytimg.com/vi/gVZicvYfsdI/maxresdefault.jpg,https://www.youtube.com/watch?v=gVZicvYfsdI,2024-10-04 10:02:44.779+00,2024-10-04 10:02:44.779+00
335,التنابز - طيور بيبي,https://i.ytimg.com/vi/qDptrFTqAVo/maxresdefault.jpg,https://www.youtube.com/watch?v=qDptrFTqAVo,2024-10-04 10:02:44.779+00,2024-10-04 10:02:44.779+00
336,التمرة,https://i.ytimg.com/vi/xBdEzYhhV48/maxresdefault.jpg,https://www.youtube.com/watch?v=xBdEzYhhV48,2024-10-04 10:02:44.779+00,2024-10-04 10:02:44.779+00
337,التفاحة,https://i.ytimg.com/vi/BOefmr2LddU/maxresdefault.jpg,https://www.youtube.com/watch?v=BOefmr2LddU,2024-10-04 10:02:44.779+00,2024-10-04 10:02:44.779+00
338,البندورة الحمرا - طيور بيبي,https://i.ytimg.com/vi/ZnSx-k1yk9M/maxresdefault.jpg,https://www.youtube.com/watch?v=ZnSx-k1yk9M,2024-10-04 10:02:44.779+00,2024-10-04 10:02:44.779+00
339,البندورة الحمرا,https://i.ytimg.com/vi/ZKivFLtMHuU/maxresdefault.jpg,https://www.youtube.com/watch?v=ZKivFLtMHuU,2024-10-04 10:02:44.779+00,2024-10-04 10:02:44.779+00
340,البطاطا,https://i.ytimg.com/vi/pGgIaSbNnBE/maxresdefault.jpg,https://www.youtube.com/watch?v=pGgIaSbNnBE,2024-10-04 10:02:44.779+00,2024-10-04 10:02:44.779+00
341,البرتقالة (بدون ايقاع) - قناة بيبي الفضائية   Channel,https://i.ytimg.com/vi/nZ5ndfXf3y4/maxresdefault.jpg,https://www.youtube.com/watch?v=nZ5ndfXf3y4,2024-10-04 10:02:44.779+00,2024-10-04 10:02:44.779+00
342,البرتقالة,https://i.ytimg.com/vi/Q4Vn0XdWfQk/maxresdefault.jpg,https://www.youtube.com/watch?v=Q4Vn0XdWfQk,2024-10-04 10:02:44.779+00,2024-10-04 10:02:44.779+00
343,"الببغاء ""بدون إيقاع"" - طيور بيبي",https://i.ytimg.com/vi/urq5A8x73Bc/maxresdefault.jpg,https://www.youtube.com/watch?v=urq5A8x73Bc,2024-10-04 10:02:44.779+00,2024-10-04 10:02:44.779+00
344,الببغاء - طيور بيبي,https://i.ytimg.com/vi/JsGk11TwWlQ/maxresdefault.jpg,https://www.youtube.com/watch?v=JsGk11TwWlQ,2024-10-04 10:02:44.779+00,2024-10-04 10:02:44.779+00
345,الببغاء,https://i.ytimg.com/vi/5l_mxkBlCrE/maxresdefault.jpg,https://www.youtube.com/watch?v=5l_mxkBlCrE,2024-10-04 10:02:44.779+00,2024-10-04 10:02:44.779+00
346,الأصابع,https://i.ytimg.com/vi/1isMv8AxUxI/maxresdefault.jpg,https://www.youtube.com/watch?v=1isMv8AxUxI,2024-10-04 10:02:44.779+00,2024-10-04 10:02:44.779+00
347,الأشكال - طيور بيبي,https://i.ytimg.com/vi/L_Fu5nZxRvA/maxresdefault.jpg,https://www.youtube.com/watch?v=L_Fu5nZxRvA,2024-10-04 10:02:44.779+00,2024-10-04 10:02:44.779+00
348,الأسنان (بدون إيقاع) - طيور بيبي,https://i.ytimg.com/vi/AmJR-CNR_vM/maxresdefault.jpg,https://www.youtube.com/watch?v=AmJR-CNR_vM,2024-10-04 10:02:44.779+00,2024-10-04 10:02:44.779+00
349,الأرنب والسلحفاة,https://i.ytimg.com/vi/hjbLRqG_IJI/maxresdefault.jpg,https://www.youtube.com/watch?v=hjbLRqG_IJI,2024-10-04 10:02:44.779+00,2024-10-04 10:02:44.779+00
350,الأرنب والثعلب   طيور بيبي,https://i.ytimg.com/vi/8NR5C9qWMDs/maxresdefault.jpg,https://www.youtube.com/watch?v=8NR5C9qWMDs,2024-10-04 10:02:44.779+00,2024-10-04 10:02:44.779+00
351,الأدب - طيور بيبي,https://i.ytimg.com/vi/OtxGXp_upWQ/maxresdefault.jpg,https://www.youtube.com/watch?v=OtxGXp_upWQ,2024-10-04 10:02:44.779+00,2024-10-04 10:02:44.779+00
352,الاحلام  اغاني اطفال للنوم,https://i.ytimg.com/vi/sDHZczIiBtg/maxresdefault.jpg,https://www.youtube.com/watch?v=sDHZczIiBtg,2024-10-04 10:02:44.779+00,2024-10-04 10:02:44.779+00
353,اغنية ياغنماتي ماء ماء + أجمل أغاني الأطفال  هالصيصان - ذهب الليل,https://i.ytimg.com/vi/56kMtm9RAEU/sddefault.jpg,https://www.youtube.com/watch?v=56kMtm9RAEU,2024-10-04 10:02:44.779+00,2024-10-04 10:02:44.779+00
354,اغنية يا غنماتي ماء مااء  اجمل اغاني الاطفال من,https://i.ytimg.com/vi/yMWLJjfTzm0/maxresdefault.jpg,https://www.youtube.com/watch?v=yMWLJjfTzm0,2024-10-04 10:02:44.779+00,2024-10-04 10:02:44.779+00
355,اغنية يا غنماتي ماء ماء الجديدة + اجمل اغاني الاطفال  Dany Tv,https://i.ytimg.com/vi/7aGVLy69AmE/sddefault.jpg,https://www.youtube.com/watch?v=7aGVLy69AmE,2024-10-04 10:02:44.779+00,2024-10-04 10:02:44.779+00
356,اغنية يا غنماتي ماء ماء + مجموعة من اجمل اغاني الاطفال,https://i.ytimg.com/vi/7f4nB39EbOw/sddefault.jpg,https://www.youtube.com/watch?v=7f4nB39EbOw,2024-10-04 10:02:44.779+00,2024-10-04 10:02:44.779+00
357,اغنية يا غنماتي ماء ماء  اجمل اغاني الاطفال,https://i.ytimg.com/vi/4utslr55UL8/sddefault.jpg,https://www.youtube.com/watch?v=4utslr55UL8,2024-10-04 10:02:44.779+00,2024-10-04 10:02:44.779+00
358,اغنية يا غنماتي  قناة طم طم للأطفال,https://i.ytimg.com/vi/MeMGYX474uY/maxresdefault.jpg,https://www.youtube.com/watch?v=MeMGYX474uY,2024-10-04 10:02:44.779+00,2024-10-04 10:02:44.779+00
359,اغنية هالصيصان شو حلوين نسخة عراقية  اغاني اطفال,https://i.ytimg.com/vi/s3Z8oLDeJ6o/maxresdefault.jpg,https://www.youtube.com/watch?v=s3Z8oLDeJ6o,2024-10-04 10:02:44.779+00,2024-10-04 10:02:44.779+00
360,اغنية هالصيصان شو حلوين + اجمل اغاني الاطفال  DanyTv,https://i.ytimg.com/vi/8cUGZU_Pzp4/maxresdefault.jpg,https://www.youtube.com/watch?v=8cUGZU_Pzp4,2024-10-04 10:02:44.779+00,2024-10-04 10:02:44.779+00
361,اغنية هالصيصان شو حلوين (نسخة عراقية)  اغاني اطفال,https://i.ytimg.com/vi/YMEGCdY1-xA/maxresdefault.jpg,https://www.youtube.com/watch?v=YMEGCdY1-xA,2024-10-04 10:02:44.779+00,2024-10-04 10:02:44.779+00
362,اغنية هالصيصان شو حلوين  اغاني الاطفال,https://i.ytimg.com/vi/_y9H4ICUSJA/sddefault.jpg,https://www.youtube.com/watch?v=_y9H4ICUSJA,2024-10-04 10:02:44.779+00,2024-10-04 10:02:44.779+00
363,اغنية هالصيصان شو حلوين -  لأغاني الاطفال,https://i.ytimg.com/vi/M7e49Y2KUjk/sddefault.jpg,https://www.youtube.com/watch?v=M7e49Y2KUjk,2024-10-04 10:02:44.779+00,2024-10-04 10:02:44.779+00
364,اغنية هالصيصان شو حلوين,https://i.ytimg.com/vi/6yn1cu-53Pw/sddefault.jpg,https://www.youtube.com/watch?v=6yn1cu-53Pw,2024-10-04 10:02:44.779+00,2024-10-04 10:02:44.779+00
365,اغنية هالصيصان الشطورين + اجمل اغاني الاطفال من,https://i.ytimg.com/vi/MSNGghyahNM/maxresdefault.jpg,https://www.youtube.com/watch?v=MSNGghyahNM,2024-10-04 10:02:44.779+00,2024-10-04 10:02:44.779+00
366,اغنية ماما زمانها جاية  اغاني اطفال,https://i.ytimg.com/vi/iLYQmdxAaqU/maxresdefault.jpg,https://www.youtube.com/watch?v=iLYQmdxAaqU,2024-10-04 10:02:44.779+00,2024-10-04 10:02:44.779+00
367,اغنية ماما زمانها جاية  اغاني اطفال,https://i.ytimg.com/vi/COZkn9RYYF0/maxresdefault.jpg,https://www.youtube.com/watch?v=COZkn9RYYF0,2024-10-04 10:02:44.779+00,2024-10-04 10:02:44.779+00
368,اغنية ماما زمانها جاية   Bazona Tv #اغاني اطفال #هالصيصان #ذهب الليل #الالوان,https://i.ytimg.com/vi/KtE5MruVSNs/maxresdefault.jpg,https://www.youtube.com/watch?v=KtE5MruVSNs,2024-10-04 10:02:44.779+00,2024-10-04 10:02:44.779+00
369,اغنية ماما زمانها جاية - اناشيد اطفال - اغاني اطفال,https://i.ytimg.com/vi/7WQ8tNNnj2E/maxresdefault.jpg,https://www.youtube.com/watch?v=7WQ8tNNnj2E,2024-10-04 10:02:44.779+00,2024-10-04 10:02:44.779+00
370,اغنية ماما زمانها جاية - اغاني اطفال,https://i.ytimg.com/vi/raPyxEnbTic/maxresdefault.jpg,https://www.youtube.com/watch?v=raPyxEnbTic,2024-10-04 10:02:44.779+00,2024-10-04 10:02:44.779+00
371,اغنية ماما زماتها جاية الجديدة  اغاني اطفال,https://i.ytimg.com/vi/3S0_i4Cd8u0/maxresdefault.jpg,https://www.youtube.com/watch?v=3S0_i4Cd8u0,2024-10-04 10:02:44.779+00,2024-10-04 10:02:44.779+00
372,اغنية ماما  أجمل أغاني عيد الأمهات (2021),https://i.ytimg.com/vi/9-pyD2TIcFk/maxresdefault.jpg,https://www.youtube.com/watch?v=9-pyD2TIcFk,2024-10-04 10:02:44.779+00,2024-10-04 10:02:44.779+00
373,اغنية لعبنا ٢  اغاني حماسية للاطفال,https://i.ytimg.com/vi/E4AyB6MlNmk/maxresdefault.jpg,https://www.youtube.com/watch?v=E4AyB6MlNmk,2024-10-04 10:02:44.779+00,2024-10-04 10:02:44.779+00
374,اغنية لعبنا   اغاني ترتيب الالعاب للاطفال,https://i.ytimg.com/vi/DsR4eIFVLgQ/maxresdefault.jpg,https://www.youtube.com/watch?v=DsR4eIFVLgQ,2024-10-04 10:02:44.779+00,2024-10-04 10:02:44.779+00
375,اغنية قفز الارنب خاف الارنب كنت قريبا منه العب  انشودة رفيقي الأرنب,https://i.ytimg.com/vi/_tLKrYK_nAA/sddefault.jpg,https://www.youtube.com/watch?v=_tLKrYK_nAA,2024-10-04 10:02:44.779+00,2024-10-04 10:02:44.779+00
376,اغنية قطتي الصغيرة  اغاني اطفال,https://i.ytimg.com/vi/ZN56l0Gd5Rc/sddefault.jpg,https://www.youtube.com/watch?v=ZN56l0Gd5Rc,2024-10-04 10:02:44.779+00,2024-10-04 10:02:44.779+00
377,اغنية غسل وشك ياقمر بالصابونة والحجر  اغاني اطفال,https://i.ytimg.com/vi/-6sYwhe68vA/maxresdefault.jpg,https://www.youtube.com/watch?v=-6sYwhe68vA,2024-10-04 10:02:44.779+00,2024-10-04 10:02:44.779+00
378,اغنية غسل وشك يادقمر من   اغاني اطفال,https://i.ytimg.com/vi/ZPz5TeU8HgE/maxresdefault.jpg,https://www.youtube.com/watch?v=ZPz5TeU8HgE,2024-10-04 10:02:44.779+00,2024-10-04 10:02:44.779+00
379,اغنية غسل وشك يا قمر بالصابونة والحجر وينك يا قمر   لاغاني الاطفال Dany Tv,https://i.ytimg.com/vi/lDewj2eeSok/maxresdefault.jpg,https://www.youtube.com/watch?v=lDewj2eeSok,2024-10-04 10:02:44.779+00,2024-10-04 10:02:44.779+00
380,اغنية غسل وشك يا قمر بالصابونة والحجر وينك يا قمر   لاغاني الاطفال,https://i.ytimg.com/vi/pl63i1rKOt8/maxresdefault.jpg,https://www.youtube.com/watch?v=pl63i1rKOt8,2024-10-04 10:02:44.779+00,2024-10-04 10:02:44.779+00
381,اغنية غسل وشك يا قمر بالصابونة والحجر وينك يا قمر ,https://i.ytimg.com/vi/jyztgmWRYHA/maxresdefault.jpg,https://www.youtube.com/watch?v=jyztgmWRYHA,2024-10-04 10:02:44.779+00,2024-10-04 10:02:44.779+00
382,اغنية غسل وشك يا قمر بالصابونة والحجر وين يا قمر  اغاني اطفال,https://i.ytimg.com/vi/mVzy27OxCys/maxresdefault.jpg,https://www.youtube.com/watch?v=mVzy27OxCys,2024-10-04 10:02:44.779+00,2024-10-04 10:02:44.779+00
383,اغنية عجلات الحافلة تدور - أغاني أطفال,https://i.ytimg.com/vi/enP7Kbj1ykk/maxresdefault.jpg,https://www.youtube.com/watch?v=enP7Kbj1ykk,2024-10-04 10:02:44.779+00,2024-10-04 10:02:44.779+00
384,اغنية طاق طاقية انا البقرة ياعنية - البقرة موو  اجمل اغاني الاطفال من,https://i.ytimg.com/vi/36k5AIMSNDA/maxresdefault.jpg,https://www.youtube.com/watch?v=36k5AIMSNDA,2024-10-04 10:02:44.779+00,2024-10-04 10:02:44.779+00
385,اغنية شرطة الأطفال - الو الو يا شرطة تعالو,https://i.ytimg.com/vi/XptjdgdXDr8/maxresdefault.jpg,https://www.youtube.com/watch?v=XptjdgdXDr8,2024-10-04 10:02:44.779+00,2024-10-04 10:02:44.779+00
386,اغنية رفيقي الارنب  قفز الارنب خاف الارنب,https://i.ytimg.com/vi/0VpErTOctm4/maxresdefault.jpg,https://www.youtube.com/watch?v=0VpErTOctm4,2024-10-04 10:02:44.779+00,2024-10-04 10:02:44.779+00
387,اغنية ذهب الليل وهالصيصان شو حلوين والفواكه   بزونة,https://i.ytimg.com/vi/jWciLSif3Fc/sddefault.jpg,https://www.youtube.com/watch?v=jWciLSif3Fc,2024-10-04 10:02:44.779+00,2024-10-04 10:02:44.779+00
388,اغنية ذهب الليل طلع الفجر والعصفور صو صو,https://i.ytimg.com/vi/pbyUWN8n4Eg/maxresdefault.jpg,https://www.youtube.com/watch?v=pbyUWN8n4Eg,2024-10-04 10:02:44.779+00,2024-10-04 10:02:44.779+00
389,اغنية ذهب الليل طلع الفجر + اجمل اغاني الاطفال من,https://i.ytimg.com/vi/4T3gL-fAxKk/maxresdefault.jpg,https://www.youtube.com/watch?v=4T3gL-fAxKk,2024-10-04 10:02:44.779+00,2024-10-04 10:02:44.779+00
390,اغنية ذهب الليل طلع الفجر  الجديدة  اغاني اطفال,https://i.ytimg.com/vi/Q9SrWthxiVM/maxresdefault.jpg,https://www.youtube.com/watch?v=Q9SrWthxiVM,2024-10-04 10:02:44.779+00,2024-10-04 10:02:44.779+00
391,اغنية ذهب الليل طلع الفجر  اغاني اطفال,https://i.ytimg.com/vi/cHhCPfxRkQY/maxresdefault.jpg,https://www.youtube.com/watch?v=cHhCPfxRkQY,2024-10-04 10:02:44.779+00,2024-10-04 10:02:44.779+00
392,اغنية ذهب الليل طلع الفجر  اجمل اغاني الاطفال من,https://i.ytimg.com/vi/NH_tOVlNWzE/sddefault.jpg,https://www.youtube.com/watch?v=NH_tOVlNWzE,2024-10-04 10:02:44.779+00,2024-10-04 10:02:44.779+00
393,اغنية ذهب الليل طلع الفجر  DanyTv,https://i.ytimg.com/vi/QIO6TFvmE4w/maxresdefault.jpg,https://www.youtube.com/watch?v=QIO6TFvmE4w,2024-10-04 10:02:44.779+00,2024-10-04 10:02:44.779+00
394,اغنية ذهب الليل طلع الفجر - هالصيصان شو حلوين - الفواكه - الألوان - يا غنماتي,https://i.ytimg.com/vi/85shtQ47vi8/sddefault.jpg,https://www.youtube.com/watch?v=85shtQ47vi8,2024-10-04 10:02:44.779+00,2024-10-04 10:02:44.779+00
395,اغنية ذهب الليل طلع الفجر - اغاني اطفال,https://i.ytimg.com/vi/Sz7hsilHcKo/maxresdefault.jpg,https://www.youtube.com/watch?v=Sz7hsilHcKo,2024-10-04 10:02:44.779+00,2024-10-04 10:02:44.779+00
396,اغنية ذهب الليل طلع الفجر,https://i.ytimg.com/vi/yNDivzgsBzs/maxresdefault.jpg,https://www.youtube.com/watch?v=yNDivzgsBzs,2024-10-04 10:02:44.779+00,2024-10-04 10:02:44.779+00
397,اغنية ذهب الليل برسوم جديدة  اغاني اطفال,https://i.ytimg.com/vi/PNRmxGg-sDk/maxresdefault.jpg,https://www.youtube.com/watch?v=PNRmxGg-sDk,2024-10-04 10:02:44.779+00,2024-10-04 10:02:44.779+00
398,اغنية خلف البيت - قناة طم طم للأطفال,https://i.ytimg.com/vi/OqZUe-B_cV8/maxresdefault.jpg,https://www.youtube.com/watch?v=OqZUe-B_cV8,2024-10-04 10:02:44.779+00,2024-10-04 10:02:44.779+00
399,اغنية جدو علي يوم الجمعة,https://i.ytimg.com/vi/uJyULIzbxdc/sddefault.jpg,https://www.youtube.com/watch?v=uJyULIzbxdc,2024-10-04 10:02:44.779+00,2024-10-04 10:02:44.779+00
400,اغنية تيتا وجدو + اجمل اغاني الاطفال من,https://i.ytimg.com/vi/WH9Jn-Et9c8/maxresdefault.jpg,https://www.youtube.com/watch?v=WH9Jn-Et9c8,2024-10-04 10:02:44.779+00,2024-10-04 10:02:44.779+00
401,اغنية توت توت قطر صغنطوط  توت توت ياكتكوت  داني تي في - DanyTv,https://i.ytimg.com/vi/0S03jcGSriw/maxresdefault.jpg,https://www.youtube.com/watch?v=0S03jcGSriw,2024-10-04 10:02:44.779+00,2024-10-04 10:02:44.779+00
402,اغنية توت توت قطر صغنطوط  توت توت يا كتكوت,https://i.ytimg.com/vi/d59vjGmr58k/sddefault.jpg,https://www.youtube.com/watch?v=d59vjGmr58k,2024-10-04 10:02:44.779+00,2024-10-04 10:02:44.779+00
403,اغنية توت توت قطر صغنطوط - توت توت يا كتكوت  اغاني الاطفال من,https://i.ytimg.com/vi/prU_s0CvrqQ/maxresdefault.jpg,https://www.youtube.com/watch?v=prU_s0CvrqQ,2024-10-04 10:02:44.779+00,2024-10-04 10:02:44.779+00
404,اغنية انا الفرخة واحنا الكتاكيت,https://i.ytimg.com/vi/nxIsYnP_3QU/maxresdefault.jpg,https://www.youtube.com/watch?v=nxIsYnP_3QU,2024-10-04 10:02:44.779+00,2024-10-04 10:02:44.779+00
405,اغنية القطة المشمشية + اجمل اغاني الاطفال,https://i.ytimg.com/vi/Kb1Oya7sBT0/sddefault.jpg,https://www.youtube.com/watch?v=Kb1Oya7sBT0,2024-10-04 10:02:44.779+00,2024-10-04 10:02:44.779+00
406,اغنية الفواكه لتعليم الاطفال  اغاني تعليمية للاطفال من,https://i.ytimg.com/vi/A3r40q8zTKE/maxresdefault.jpg,https://www.youtube.com/watch?v=A3r40q8zTKE,2024-10-04 10:02:44.779+00,2024-10-04 10:02:44.779+00
407,اغنية الفواكه لتعليم اسماء واشكال الفواكه للاطفال  اغاني الاطفال من,https://i.ytimg.com/vi/AffL4dKgS6w/sddefault.jpg,https://www.youtube.com/watch?v=AffL4dKgS6w,2024-10-04 10:02:44.779+00,2024-10-04 10:02:44.779+00
408,اغنية الفواكه اللذيذة + اجمل اغاني الاطفال من,https://i.ytimg.com/vi/zIV2SiyZI78/sddefault.jpg,https://www.youtube.com/watch?v=zIV2SiyZI78,2024-10-04 10:02:44.779+00,2024-10-04 10:02:44.779+00
409,اغنية الفواكه اللذيذة  اغاني الاطفال,https://i.ytimg.com/vi/R2mdZt84IS4/maxresdefault.jpg,https://www.youtube.com/watch?v=R2mdZt84IS4,2024-10-04 10:02:44.779+00,2024-10-04 10:02:44.779+00
410,اغنية الفواكه الجميلة  اجمل اغاني الاطفال,https://i.ytimg.com/vi/jAGzEs7wEas/maxresdefault.jpg,https://www.youtube.com/watch?v=jAGzEs7wEas,2024-10-04 10:02:44.779+00,2024-10-04 10:02:44.779+00
411,اغنية الفواكه الجديدة للاطفال من  #فواكه,https://i.ytimg.com/vi/8_z0M7Hekrc/sddefault.jpg,https://www.youtube.com/watch?v=8_z0M7Hekrc,2024-10-04 10:02:44.779+00,2024-10-04 10:02:44.779+00
412,اغنية الفواكه الجديدة للاطفال  اجمل اغاني الاطفال من,https://i.ytimg.com/vi/EskciMU9ZC4/maxresdefault.jpg,https://www.youtube.com/watch?v=EskciMU9ZC4,2024-10-04 10:02:44.779+00,2024-10-04 10:02:44.779+00
413,اغنية الفواكه الجديدة + اجمل اغاني الاطفال من  #فواكه,https://i.ytimg.com/vi/b2p5admt1qU/sddefault.jpg,https://www.youtube.com/watch?v=b2p5admt1qU,2024-10-04 10:02:44.779+00,2024-10-04 10:02:44.779+00
414,اغنية الفواكه الجديدة  اجمل اغاني الاطفال من,https://i.ytimg.com/vi/myrVtnQ5y_E/sddefault.jpg,https://www.youtube.com/watch?v=myrVtnQ5y_E,2024-10-04 10:02:44.779+00,2024-10-04 10:02:44.779+00
415,اغنية الفواكه الجديدة   للأطفال,https://i.ytimg.com/vi/nZZpo045TXQ/maxresdefault.jpg,https://www.youtube.com/watch?v=nZZpo045TXQ,2024-10-04 10:02:44.779+00,2024-10-04 10:02:44.779+00
416,اغنية الفواكه الجديدة,https://i.ytimg.com/vi/ul8-b9ppRJA/maxresdefault.jpg,https://www.youtube.com/watch?v=ul8-b9ppRJA,2024-10-04 10:02:44.779+00,2024-10-04 10:02:44.779+00
417,اغنية الفواكه - تعليم اشكال واسماء الفواكه للاطفال  الفواكه الشهية يم يم,https://i.ytimg.com/vi/R1W-RuGIq-I/maxresdefault.jpg,https://www.youtube.com/watch?v=R1W-RuGIq-I,2024-10-04 10:02:44.779+00,2024-10-04 10:02:44.779+00
418,اغنية الفواكه - تعليم اسماء واشكال الفواكه,https://i.ytimg.com/vi/paYcrwvPUVw/maxresdefault.jpg,https://www.youtube.com/watch?v=paYcrwvPUVw,2024-10-04 10:02:44.779+00,2024-10-04 10:02:44.779+00
419,اغنية الغنمات الجديد  يا غنماتي ماء ماء  اغاني اطفال,https://i.ytimg.com/vi/1wadMV18R6k/maxresdefault.jpg,https://www.youtube.com/watch?v=1wadMV18R6k,2024-10-04 10:02:44.779+00,2024-10-04 10:02:44.779+00
420,اغنية الصيصان شو حلوين الجديدة + اجمل اغاني الاطفال   - DanyTv,https://i.ytimg.com/vi/oiSsE-Q5SZQ/hqdefault.jpg,https://www.youtube.com/watch?v=oiSsE-Q5SZQ,2024-10-04 10:02:44.779+00,2024-10-04 10:02:44.779+00
421,اغنية الصيصان شو حلوين #الصيصان #هالصيصان,https://i.ytimg.com/vi/lCBifKTdho0/sddefault.jpg,https://www.youtube.com/watch?v=lCBifKTdho0,2024-10-04 10:02:44.779+00,2024-10-04 10:02:44.779+00
422,اغنية الصيصان شو حلوين,https://i.ytimg.com/vi/q0h_rNkzdbY/sddefault.jpg,https://www.youtube.com/watch?v=q0h_rNkzdbY,2024-10-04 10:02:44.779+00,2024-10-04 10:02:44.779+00
423,اغنية الصيصان الحلوين وذهب الليل,https://i.ytimg.com/vi/P0MQ3Tim2qU/sddefault.jpg,https://www.youtube.com/watch?v=P0MQ3Tim2qU,2024-10-04 10:02:44.779+00,2024-10-04 10:02:44.779+00
424,اغنية الصيصان الحلوين الجديدة  هالصيصان شو حلوين  اغاني اطفال,https://i.ytimg.com/vi/XWkikeD12DI/sddefault.jpg,https://www.youtube.com/watch?v=XWkikeD12DI,2024-10-04 10:02:44.779+00,2024-10-04 10:02:44.779+00
425,اغنية الصيصان الحلوين - هالصيصان شو حلوين,https://i.ytimg.com/vi/P6mKDDFkHqM/sddefault.jpg,https://www.youtube.com/watch?v=P6mKDDFkHqM,2024-10-04 10:02:44.779+00,2024-10-04 10:02:44.779+00
426,اغنية الصيصان  هالصيصان شو حلوين,https://i.ytimg.com/vi/zCByrithsoI/maxresdefault.jpg,https://www.youtube.com/watch?v=zCByrithsoI,2024-10-04 10:02:44.779+00,2024-10-04 10:02:44.779+00
427,اغنية الصيصان  اغنية هالصيصان شو حلوين #هالصيصان,https://i.ytimg.com/vi/Umm7BY23vEU/maxresdefault.jpg,https://www.youtube.com/watch?v=Umm7BY23vEU,2024-10-04 10:02:44.779+00,2024-10-04 10:02:44.779+00
428,اغنية الصيصان - هالصيصان شو حلوين,https://i.ytimg.com/vi/zqY4h7crzQU/maxresdefault.jpg,https://www.youtube.com/watch?v=zqY4h7crzQU,2024-10-04 10:02:44.779+00,2024-10-04 10:02:44.779+00
429,اغنية الخيار اللذيذ  اغنية الخضروات,https://i.ytimg.com/vi/n3qsOFWBTYY/maxresdefault.jpg,https://www.youtube.com/watch?v=n3qsOFWBTYY,2024-10-04 10:02:44.779+00,2024-10-04 10:02:44.779+00
430,اغنية الخيار اللذيذ - الخضروات هم هم يم يم   لاغاني الاطفال,https://i.ytimg.com/vi/p-rdfoFkBU8/maxresdefault.jpg,https://www.youtube.com/watch?v=p-rdfoFkBU8,2024-10-04 10:02:44.779+00,2024-10-04 10:02:44.779+00
431,اغنية الخضروات والفواكه الجديدة + مجموعة اغاني الاطفال,https://i.ytimg.com/vi/zHDjmuzF9WQ/sddefault.jpg,https://www.youtube.com/watch?v=zHDjmuzF9WQ,2024-10-04 10:02:44.779+00,2024-10-04 10:02:44.779+00
432,اغنية الخضروات والفواكه الجديدة,https://i.ytimg.com/vi/gnAuR7moY84/maxresdefault.jpg,https://www.youtube.com/watch?v=gnAuR7moY84,2024-10-04 10:02:44.779+00,2024-10-04 10:02:44.779+00
433,اغنية الخضروات الجديدة + اجمل اغاني الاطفال,https://i.ytimg.com/vi/_Lf_ABmOkSE/sddefault.jpg,https://www.youtube.com/watch?v=_Lf_ABmOkSE,2024-10-04 10:02:44.779+00,2024-10-04 10:02:44.779+00
434,اغنية الخضروات الجديدة #خضروات,https://i.ytimg.com/vi/jiQbOilHTbs/sddefault.jpg,https://www.youtube.com/watch?v=jiQbOilHTbs,2024-10-04 10:02:44.779+00,2024-10-04 10:02:44.779+00
435,اغنية الخضروات الجديدة,https://i.ytimg.com/vi/4CjZcA4GgAo/maxresdefault.jpg,https://www.youtube.com/watch?v=4CjZcA4GgAo,2024-10-04 10:02:44.779+00,2024-10-04 10:02:44.779+00
436,اغنية الخضروات - طمطومة + اجمل اغاني الاطفال من,https://i.ytimg.com/vi/IfD1WpXqRtQ/maxresdefault.jpg,https://www.youtube.com/watch?v=IfD1WpXqRtQ,2024-10-04 10:02:44.779+00,2024-10-04 10:02:44.779+00
437,اغنية الحيوانات الجديدة + اجمل اغاني الاطفال,https://i.ytimg.com/vi/7zJkGLuza8A/maxresdefault.jpg,https://www.youtube.com/watch?v=7zJkGLuza8A,2024-10-04 10:02:44.779+00,2024-10-04 10:02:44.779+00
438,اغنية الحيوانات الجديدة  animals song,https://i.ytimg.com/vi/WlvLfvFKd70/maxresdefault.jpg,https://www.youtube.com/watch?v=WlvLfvFKd70,2024-10-04 10:02:44.779+00,2024-10-04 10:02:44.779+00
439,اغنية الحيوانات  اصوات الحيوانات,https://i.ytimg.com/vi/SnQdSBQNWF0/sddefault.jpg,https://www.youtube.com/watch?v=SnQdSBQNWF0,2024-10-04 10:02:44.779+00,2024-10-04 10:02:44.779+00
440,اغنية الحيوانات - جدو علي يوم الجمعة  - DanyTv,https://i.ytimg.com/vi/1V8dfcaHjpg/sddefault.jpg,https://www.youtube.com/watch?v=1V8dfcaHjpg,2024-10-04 10:02:44.779+00,2024-10-04 10:02:44.779+00
441,اغنية الحروف العربية بدون موسيقى للأطفال - قناة طم طم,https://i.ytimg.com/vi/8VzgJVvjpVI/maxresdefault.jpg,https://www.youtube.com/watch?v=8VzgJVvjpVI,2024-10-04 10:02:44.779+00,2024-10-04 10:02:44.779+00
442,اغنية البقرة للأطفال  عالم داني,https://i.ytimg.com/vi/t94uSihpsXk/maxresdefault.jpg,https://www.youtube.com/watch?v=t94uSihpsXk,2024-10-04 10:02:44.779+00,2024-10-04 10:02:44.779+00
443,اغنية البطاطا البطبوطة,https://i.ytimg.com/vi/VVyyVZ0z-OU/maxresdefault.jpg,https://www.youtube.com/watch?v=VVyyVZ0z-OU,2024-10-04 10:02:44.779+00,2024-10-04 10:02:44.779+00
444,اغنية البطات الخمسة five little ducks  #fivelittleducks,https://i.ytimg.com/vi/Kmgc-ot1hnU/sddefault.jpg,https://www.youtube.com/watch?v=Kmgc-ot1hnU,2024-10-04 10:02:44.779+00,2024-10-04 10:02:44.779+00
445,اغنية البطات الخمسة,https://i.ytimg.com/vi/UQDrfz5tOWs/sddefault.jpg,https://www.youtube.com/watch?v=UQDrfz5tOWs,2024-10-04 10:02:44.779+00,2024-10-04 10:02:44.779+00
446,اغنية الأشكال واجمل اغاني الاطفال من  DanyTv,https://i.ytimg.com/vi/aKYWwu1Y9cY/maxresdefault.jpg,https://www.youtube.com/watch?v=aKYWwu1Y9cY,2024-10-04 10:02:44.779+00,2024-10-04 10:02:44.779+00
447,اغنية الأشكال واجمل اغاني الاطفال   DanyTv,https://i.ytimg.com/vi/tdCpUyyxxNs/maxresdefault.jpg,https://www.youtube.com/watch?v=tdCpUyyxxNs,2024-10-04 10:02:44.779+00,2024-10-04 10:02:44.779+00
448,اغنية الأشكال + اجمل اغاني الاطفال من  - DanyTv,https://i.ytimg.com/vi/BN_R6zNAbmI/maxresdefault.jpg,https://www.youtube.com/watch?v=BN_R6zNAbmI,2024-10-04 10:02:44.779+00,2024-10-04 10:02:44.779+00
449,اغنية الأشكال  تعليم الاطفال الأشكال الهندسية,https://i.ytimg.com/vi/zGfzhpolbtE/maxresdefault.jpg,https://www.youtube.com/watch?v=zGfzhpolbtE,2024-10-04 10:02:44.779+00,2024-10-04 10:02:44.779+00
450,اغنية الأشكال - اجمل اغاني الاطفال,https://i.ytimg.com/vi/ous8FegRvFE/sddefault.jpg,https://www.youtube.com/watch?v=ous8FegRvFE,2024-10-04 10:02:44.779+00,2024-10-04 10:02:44.779+00
451,اغنية الالوان لالالالا colors الجديدة,https://i.ytimg.com/vi/uLOWIsGFt8I/sddefault.jpg,https://www.youtube.com/watch?v=uLOWIsGFt8I,2024-10-04 10:02:44.779+00,2024-10-04 10:02:44.779+00
452,اغنية الالوان  تعليم الألوان للأطفال,https://i.ytimg.com/vi/zK9qWNt8s3o/maxresdefault.jpg,https://www.youtube.com/watch?v=zK9qWNt8s3o,2024-10-04 10:02:44.779+00,2024-10-04 10:02:44.779+00
453,اغنية الاطفال الجميلة ذهب الليل,https://i.ytimg.com/vi/HIUPlhrTPv4/maxresdefault.jpg,https://www.youtube.com/watch?v=HIUPlhrTPv4,2024-10-04 10:02:44.779+00,2024-10-04 10:02:44.779+00
454,اغنية الاجازة جاية  نعمل ايه في الاجازة !!,https://i.ytimg.com/vi/cPhmXWLrNyE/maxresdefault.jpg,https://www.youtube.com/watch?v=cPhmXWLrNyE,2024-10-04 10:02:44.779+00,2024-10-04 10:02:44.779+00
455,اغنية #ذهب_الليل طلع الفجر الجديدة نسخة عراقية,https://i.ytimg.com/vi/j3-GhZiyLwY/maxresdefault.jpg,https://www.youtube.com/watch?v=j3-GhZiyLwY,2024-10-04 10:02:44.779+00,2024-10-04 10:02:44.779+00
456,اغاني واناشيد اطفال(5),https://i.ytimg.com/vi/wEHfWo8bkrA/maxresdefault.jpg,https://www.youtube.com/watch?v=wEHfWo8bkrA,2024-10-04 10:02:44.779+00,2024-10-04 10:02:44.779+00
457,اغاني طيور الجنة جديدة اغنية الديك بيصحا بدون ايقاع,https://i.ytimg.com/vi/ksE1hBxTHpc/sddefault.jpg,https://www.youtube.com/watch?v=ksE1hBxTHpc,2024-10-04 10:02:44.779+00,2024-10-04 10:02:44.779+00
458,اغاني اطفال هالصيصان ذهب الليل والالوان والبقرة,https://i.ytimg.com/vi/rqueZSGdvw8/maxresdefault.jpg,https://www.youtube.com/watch?v=rqueZSGdvw8,2024-10-04 10:02:44.779+00,2024-10-04 10:02:44.779+00
459,اغاني اطفال ذهب اليل‎.flv,https://i.ytimg.com/vi/xNu8Fi2o1Mg/hqdefault.jpg,https://www.youtube.com/watch?v=xNu8Fi2o1Mg,2024-10-04 10:02:44.779+00,2024-10-04 10:02:44.779+00
460,اغاني اطفال   ماما زمانها جايه   هالصيصان شو حلوين الالوان و ذهب الليل طلع الفجر,https://i.ytimg.com/vi/uCugZai4qsA/maxresdefault.jpg,https://www.youtube.com/watch?v=uCugZai4qsA,2024-10-04 10:02:44.779+00,2024-10-04 10:02:44.779+00
461,اغاني اطفال - انتشيد اطفال,https://i.ytimg.com/vi/nWmxa5LMpYk/maxresdefault.jpg,https://www.youtube.com/watch?v=nWmxa5LMpYk,2024-10-04 10:02:44.779+00,2024-10-04 10:02:44.779+00
462,اجا العيد (بدون إيقاع) - عصومي ووليد  طيور الجنة,https://i.ytimg.com/vi/6tvEN_Kq0LM/maxresdefault.jpg,https://www.youtube.com/watch?v=6tvEN_Kq0LM,2024-10-04 10:02:44.779+00,2024-10-04 10:02:44.779+00
463,اتعرف على كل الالوان مع هنا وهادى,https://i.ytimg.com/vi/lX18Fwf3QtY/maxresdefault.jpg,https://www.youtube.com/watch?v=lX18Fwf3QtY,2024-10-04 10:02:44.779+00,2024-10-04 10:02:44.779+00
464,ابو الوليد وعياله (بدون إيقاع) - المقاديد   طيور الجنة,https://i.ytimg.com/vi/t8cEDcN7Vd4/maxresdefault.jpg,https://www.youtube.com/watch?v=t8cEDcN7Vd4,2024-10-04 10:02:44.779+00,2024-10-04 10:02:44.779+00
465,ابريق الشاي  قناة مرح - marah tv,https://i.ytimg.com/vi/xUWo8GE3Rm4/sddefault.jpg,https://www.youtube.com/watch?v=xUWo8GE3Rm4,2024-10-04 10:02:44.779+00,2024-10-04 10:02:44.779+00
466,ا اطفال ياحلوين اشربوا الحليب,https://i.ytimg.com/vi/Gxuej2eDjJM/hqdefault.jpg,https://www.youtube.com/watch?v=Gxuej2eDjJM,2024-10-04 10:02:44.779+00,2024-10-04 10:02:44.779+00
467,Nadina - Vola Palombella ‬‎ ڤولا بالومبيلا,https://i.ytimg.com/vi/a_3njaKcQEI/hqdefault.jpg,https://www.youtube.com/watch?v=a_3njaKcQEI,2024-10-04 10:02:44.779+00,2024-10-04 10:02:44.779+00
468,Learning Arabic Alphabet with Wooden Puzzle #Part1 for Kids Abata Channel,https://i.ytimg.com/vi/tJgkPTbfEeU/maxresdefault.jpg,https://www.youtube.com/watch?v=tJgkPTbfEeU,2024-10-04 10:02:44.779+00,2024-10-04 10:02:44.779+00
469,Learn The Numbers In Arabic تعلم الارقام بالعربية - كارتون للاطفال,https://i.ytimg.com/vi/fIMOkV63X5I/maxresdefault.jpg,https://www.youtube.com/watch?v=fIMOkV63X5I,2024-10-04 10:02:44.779+00,2024-10-04 10:02:44.779+00
470,Learn the Arabic Alphabet Letters & Sounds صوتيات الأحرف الأبجدية العربية  Language Learning Market,https://i.ytimg.com/vi/er5F_E1_mp4/maxresdefault.jpg,https://www.youtube.com/watch?v=er5F_E1_mp4,2024-10-04 10:02:44.779+00,2024-10-04 10:02:44.779+00
471,Learn Colors in Arabic for Kids   تعليم الألوان للاطفال باللغة العربية مع سوبر جميل,https://i.ytimg.com/vi/qJfExw_hpTI/maxresdefault.jpg,https://www.youtube.com/watch?v=qJfExw_hpTI,2024-10-04 10:02:44.779+00,2024-10-04 10:02:44.779+00
472,Learn Colors and Numbers in arabic for kids - تعليم الأطفال الأرقام  والألوان باللغة العربية,https://i.ytimg.com/vi/xkXedgaE01w/maxresdefault.jpg,https://www.youtube.com/watch?v=xkXedgaE01w,2024-10-04 10:02:44.779+00,2024-10-04 10:02:44.779+00
473,Hala Al Turk - Happy Happy  #حلا_الترك - هابي هابي,https://i.ytimg.com/vi/X_DeGCloQWg/maxresdefault.jpg,https://www.youtube.com/watch?v=X_DeGCloQWg,2024-10-04 10:02:44.779+00,2024-10-04 10:02:44.779+00
474,Arabic alphabet song 0 - Alphabet arabe chanson 0 - 0 أنشودة الحروف العربية,https://i.ytimg.com/vi/U1Cl6W8EEBQ/maxresdefault.jpg,https://www.youtube.com/watch?v=U1Cl6W8EEBQ,2024-10-04 10:02:44.779+00,2024-10-04 10:02:44.779+00
475,Arabic alphabet song  4 - Alphabet arabe chanson 4 - 4 أنشودة الحروف العربية,https://i.ytimg.com/vi/dV10JUEWG38/maxresdefault.jpg,https://www.youtube.com/watch?v=dV10JUEWG38,2024-10-04 10:02:44.779+00,2024-10-04 10:02:44.779+00
476,Arabic alphabet song  3 - Alphabet arabe chanson 3 - 3 أنشودة الحروف العربية,https://i.ytimg.com/vi/5yO433hdR2M/maxresdefault.jpg,https://www.youtube.com/watch?v=5yO433hdR2M,2024-10-04 10:02:44.779+00,2024-10-04 10:02:44.779+00
477,7 أولاد - طيور بيبي,https://i.ytimg.com/vi/ONyNnu-HUGY/maxresdefault.jpg,https://www.youtube.com/watch?v=ONyNnu-HUGY,2024-10-04 10:02:44.779+00,2024-10-04 10:02:44.779+00
478,7 اولاد (بدون إيقاع)  طيور بيبي,https://i.ytimg.com/vi/8cAhYRYIlEU/maxresdefault.jpg,https://www.youtube.com/watch?v=8cAhYRYIlEU,2024-10-04 10:02:44.779+00,2024-10-04 10:02:44.779+00
479,3 عصافير  - طيور بيبي,https://i.ytimg.com/vi/LCrqaSYjPd8/maxresdefault.jpg,https://www.youtube.com/watch?v=LCrqaSYjPd8,2024-10-04 10:02:44.779+00,2024-10-04 10:02:44.779+00
480,"(أنشودة ذات نهار)   أناشيد أطفال بدون موسيقى ,معازف او ايقاع",https://i.ytimg.com/vi/0Am12iHTnrY/hqdefault.jpg,https://www.youtube.com/watch?v=0Am12iHTnrY,2024-10-04 10:02:44.779+00,2024-10-04 10:02:44.779+00
