id,spacetoonSongName,spacetoonSongImage,spacetoonSongLink,created_at,updated_at
1,شارة بابار فيل,https://i.imgur.com/Q8UEw3Q.jpeg,https://www.dropbox.com/scl/fi/sce63yyoo7rvvr5qrhuvw/.mp4?rlkey=964t9kaudxacn8y2bb5n2g43j&st=ma7a96ng&raw=1,2024-08-28 08:12:20.588654+00,2024-08-28 08:12:20.588654+00
2,شارة أنا و أخي,https://i.imgur.com/2wQg3yu.jpeg,https://www.dropbox.com/scl/fi/s07ia9otbjxl05h1gxauw/Spacetoon.mp4?rlkey=qednl6c89kdqvp4o6lbsr6pjc&st=8f8rjr12&raw=1,2024-08-28 08:21:18.074192+00,2024-08-28 08:21:18.074192+00
3,شارة الحديقة السرية,https://i.imgur.com/kbpucho.jpeg,https://www.dropbox.com/scl/fi/teukd2eonxn4454t1wu79/Spacetoon.mp4?rlkey=iis1f5si37roq4zdkx91gu0p2&st=8pahn5ee&raw=1,2024-08-28 08:24:14.875744+00,2024-08-28 08:24:14.875744+00
4,شارة أنا و أخني,https://i.imgur.com/IKEbhZI.jpeg,https://www.dropbox.com/scl/fi/tqxneuv0gtlbnxm562m6r/Spacetoon.mp4?rlkey=f3vs06r20llatlv5r0klffa75&st=1ziov02w&raw=1,2024-08-28 08:26:39.604374+00,2024-08-28 08:26:39.604374+00
5,شارة هزيم الرعد,https://i.imgur.com/bvZavgo.jpeg,https://www.dropbox.com/scl/fi/en9e9mgoelw2jwvt30uu7/Spacetoon.mp4?rlkey=mone0sav6ppwdcpwh857w313d&st=m0qixkas&raw=1,2024-08-28 08:29:21.982452+00,2024-08-28 08:29:21.982452+00
6,شارة بات مان,https://i.imgur.com/p4GLhCw.jpeg,https://www.dropbox.com/scl/fi/h9x9n9ebnmw3t7sfoctz8/.mp4?rlkey=pmvv3311c58vuvdategylpa8n&st=at736y1v&raw=1,2024-08-28 08:35:46.317843+00,2024-08-28 08:35:46.317843+00
7,شارة ري بون بون,https://i.imgur.com/EioxIhW.png,https://www.dropbox.com/scl/fi/v003ha2cxxzudauiaoz8s/Rebonbon-Spacetoon.mp4?rlkey=mcawfwbh0mtaudyykj185xp9u&st=pylyaaxf&raw=1,2024-08-28 08:49:39.093974+00,2024-08-28 08:49:39.093974+00
8,شارة أبطال الكرة الجزء الثاني,https://i.imgur.com/liQEIs5.jpeg,https://www.dropbox.com/scl/fi/x4imwaghp78zop1ygiuq3/Spacetoon.mp4?rlkey=w6gkqg0hclv3r6118h8g5dfvo&st=6l6zhc39&raw=1,2024-08-28 08:52:19.739473+00,2024-08-28 08:52:19.739473+00
9,شارة بليزين تينز,https://i.imgur.com/Ngw7oKU.png,https://www.dropbox.com/scl/fi/geztskrbd13r1o0b2kxsq/Blazing-Teens-Spacetoon.mp4?rlkey=599s2k1jkz43p9ryiwr1bl6xx&st=sy9ygzqt&raw=1,2024-08-28 08:56:41.234029+00,2024-08-28 08:56:41.234029+00
10,شارة المقاتل النبيل,https://i.imgur.com/SbODLkZ.jpeg,https://www.dropbox.com/scl/fi/s0quev530rqbp9p25dcoq/Spacetoon.mp4?rlkey=bjo2rtvjp2ji93x92qwoxi72y&st=9hh2iiz7&raw=1,2024-08-28 08:59:20.812043+00,2024-08-28 08:59:20.812043+00
11,شارة سابق ولاحق,https://i.imgur.com/7Fwoay8.jpeg,https://www.dropbox.com/scl/fi/5faggs0ykehcuwm3qvebp/Spacetoon.mp4?rlkey=u6qnma7kle2gdolmm4b8v0m0k&st=2tk846et&raw=1,2024-08-28 09:31:00.89628+00,2024-08-28 09:31:00.89628+00
12,شارة فرسان الارض,https://i.imgur.com/gKI081O.jpeg,https://www.dropbox.com/scl/fi/135xgu6dvmhd89l1v3edx/Spacetoon.mp4?rlkey=mta2obi81g2zyw157h01fa4vd&st=l625xug4&raw=1,2024-08-28 09:32:49.790867+00,2024-08-28 09:32:49.790867+00
13,شارة إيميلي,https://i.imgur.com/znpsZFi.jpeg,https://www.dropbox.com/scl/fi/hwliz16v8y9bts8i1lv24/Spacetoon.mp4?rlkey=k3ugszaij9ml0z3adyd7bchkk&st=2plzhc51&raw=1,2024-08-28 09:34:19.887503+00,2024-08-28 09:34:19.887503+00
14,شارة دراغون بول,https://i.imgur.com/gcqslrJ.png,https://www.dropbox.com/scl/fi/k7mzzh68x17iws8twhl2z/Dragon-Ball-Spacetoon.mp4?rlkey=josl1qqlzob7uahttrv5a70xu&st=uf7s4kja&raw=1,2024-08-28 09:37:29.052378+00,2024-08-28 09:37:29.052378+00
15,شارة الشبح,https://i.imgur.com/IxDPQbT.jpeg,https://www.dropbox.com/scl/fi/bvfvbwdm68c91gt60joai/Spacetoon.mp4?rlkey=uxlrpttjbts656jvsszp6ggge&st=l60a85t8&raw=1,2024-08-28 09:39:16.478034+00,2024-08-28 09:39:16.478034+00
16,شارة القناص,https://i.imgur.com/hjyOGi7.jpeg,https://www.dropbox.com/scl/fi/vgle8e71twm51nh7h9lu0/.mp4?rlkey=berpdi3xw9m6ko4grvngtjheu&st=0px3odt6&raw=1,2024-08-28 09:41:04.616222+00,2024-08-28 09:41:04.616222+00
17,شارة ينبوع الأحلام,https://i.imgur.com/fWad0ZV.jpeg,https://www.dropbox.com/scl/fi/aqtc2l6ngmj07acctlfyc/Spacetoon.mp4?rlkey=jil6oq9tiemi0bcdxa8r8pzhy&st=gtrufl4c&raw=1,2024-08-28 09:42:40.288148+00,2024-08-28 09:42:40.288148+00
18,شارة دري لاند,https://i.imgur.com/0AqkVPZ.jpeg,https://www.dropbox.com/scl/fi/fp96u5372vhw6b5g8b5ks/Tanken-DRILAND-Song-Spacetoon.mp4?rlkey=njazfw4v7ehaw05usmede2htn&st=ruk5khaw&raw=1,2024-08-28 09:44:50.971058+00,2024-08-28 09:44:50.971058+00
19,شارة دراغون بول زد كاي,https://i.imgur.com/OzIUQNz.png,https://www.dropbox.com/scl/fi/zzgzpoa8jrppg5bf1ci5w/Dragon-Ball-Z-Kai-Spacetoon.mp4?rlkey=f8jgybay6fjltuxmq0f3k97hx&st=crin1ayd&raw=1,2024-08-28 09:57:57.238022+00,2024-08-28 09:57:57.238022+00
20,شارة ريمي,https://i.imgur.com/wzrkk1b.png,https://www.dropbox.com/scl/fi/nu5qcmvaphv3z7v50srr3/.mp4?rlkey=xh858bwzvyj79jl45z1qx0y7e&st=djl12iga&raw=1,2024-08-28 10:03:52.413565+00,2024-08-28 10:03:52.413565+00
21,شارة من يعرف كيف يكون,https://i.imgur.com/UGwbBdP.jpeg,https://www.dropbox.com/scl/fi/gugx3bw59r6xs1yozy4ka/.mp4?rlkey=yzh6knuiakum0tfumx283ch7v&st=yqbxcvsx&raw=1,2024-08-28 10:08:37.007295+00,2024-08-28 10:08:37.007295+00
22,شارة ون بيس,https://i.imgur.com/TZUFt79.jpeg,https://www.dropbox.com/scl/fi/4d7o0zpj3yiyaemcyl0nz/One-piece-Spacetoon.mp4?rlkey=jtjemierul5x22frlhmrn05r9&st=nsyojjh0&raw=1,2024-08-28 10:11:02.875499+00,2024-08-28 10:11:02.875499+00
23,شارة دروبي,https://i.imgur.com/zdVfeKo.jpeg,https://www.dropbox.com/scl/fi/9xamy6pd6a0e0s2eeed7f/Do-Re-Bi-Spacetoon.mp4?rlkey=jwn66j6f7cxcf82i0dv9nmlln&st=93vepina&raw=1,2024-08-28 10:16:00.438707+00,2024-08-28 10:16:00.438707+00
24,شارة سلام دانك,https://i.imgur.com/TlVanYZ.jpeg,https://www.dropbox.com/scl/fi/8sgkc7y5lbpogn40njrde/Spacetoon.mp4?rlkey=mfr6rn02spmztkrmj0hc2df3d&st=qlg0alwh&raw=1,2024-08-28 10:20:49.71539+00,2024-08-28 10:20:49.71539+00
25,شارة أبطال الديجيتال الجزء الثالث,https://i.imgur.com/OSrQJey.jpeg,https://www.dropbox.com/scl/fi/s00d0ffyz5b4q52jpk97d/.mp4?rlkey=ifd4hfsikn2hyli31whi3rxom&st=mbwpvca6&raw=1,2024-08-28 10:24:35.488039+00,2024-08-28 10:24:35.488039+00
26,شارة دروبي مع دو ري مي الجزء الثالث,https://i.imgur.com/w06ZM0a.jpeg,https://www.dropbox.com/scl/fi/un6i3rub11bwze8moez69/Spacetoon.mp4?rlkey=gdos9fjnvco3oq7xdvx8nlw14&st=2tdt5rnj&raw=1,2024-08-28 10:37:29.769533+00,2024-08-28 10:37:29.769533+00
27,شارة مدينة النخيل,https://i.imgur.com/4SUilYa.jpeg,https://www.dropbox.com/scl/fi/kkzlhau3l37v17euigky6/Spacetoon.mp4?rlkey=iypdb6b7qcu722vue85px9wjb&st=iqwrufgi&raw=1,2024-08-28 10:46:31.75652+00,2024-08-28 10:46:31.75652+00
28,شارة بائعة الكبريت,https://i.imgur.com/Ohvl5gQ.jpeg,https://www.dropbox.com/scl/fi/5rjsrwmyaj0ssvu7q2s7z/Spacetoon.mp4?rlkey=alcwnhjd4ge49skmphhu20ygz&st=g9pbv58u&raw=1,2024-08-28 11:25:34.873612+00,2024-08-28 11:25:34.873612+00
29,شارة سيمبا,https://i.imgur.com/xrTE9U6.jpeg,https://www.dropbox.com/scl/fi/25im7kaj3nn6q8o496fit/.mp4?rlkey=34ta4qwryvbvopo98u4k613pg&st=lo1209li&raw=1,2024-08-28 12:25:28.301045+00,2024-08-28 12:25:28.301045+00
30,شارة شوت,https://i.imgur.com/vxBUzQd.jpeg,https://www.dropbox.com/scl/fi/boucp93xl0uwb9yp1cgkj/Spacetoon.mp4?rlkey=2nhroxte1bf96y1jypmdcp3zm&st=vkza6g37&raw=1,2024-08-28 12:27:28.303702+00,2024-08-28 12:27:28.303702+00
31,شارة قصص حياتي,https://i.imgur.com/pUrLAAY.jpeg,https://www.dropbox.com/scl/fi/utbza68zf1i53v9p2ianq/HayatiGirl-Song-Spacetoon.mp4?rlkey=2vhkhmh5fydnz2008k3egj0ml&st=w5e6p70o&raw=1,2024-08-28 12:32:58.583229+00,2024-08-28 12:32:58.583229+00
32,شارة يو كاي واتش,https://i.imgur.com/YTU2d8P.jpeg,https://www.dropbox.com/scl/fi/tw378xg9o0te8so7i56g7/Yo-Kai-Watch-Opening-Spacetoon.mp4?rlkey=vx38zumdhe8z3lgr5im6xmyz9&st=kjnnxdj8&raw=1,2024-08-28 12:37:17.318613+00,2024-08-28 12:37:17.318613+00
33,شارة أنا وأخواتي,https://i.imgur.com/WxjTee1.jpeg,https://www.dropbox.com/scl/fi/b056nee1lign67ufwxcof/Spacetoon.mp4?rlkey=rb8d9ftf5x909t1vf04oho65g&st=mqgfl3fj&raw=1,2024-08-28 12:38:44.545705+00,2024-08-28 12:38:44.545705+00
34,شارة أكادمية الشرطة,https://i.imgur.com/LPA7GTd.jpeg,https://www.dropbox.com/scl/fi/gswbzrjb4pg6xb241fl8q/Police-Academy-Spacetoon.mp4?rlkey=x2jmorssiugua3eb3rmrzgx9g&st=g3z3fy0j&raw=1,2024-08-28 12:46:32.798611+00,2024-08-28 12:46:32.798611+00
35,شارة كابتن ماجد الجزء الثالث,https://i.imgur.com/i7ath11.jpeg,https://www.dropbox.com/scl/fi/o3jo3mhpbxflyc37v1lvq/Spacetoon.mp4?rlkey=c7xpngzcjsfxv3tynjg4o2jyx&st=81kb09tw&raw=1,2024-08-28 12:48:39.370602+00,2024-08-28 12:48:39.370602+00
36,شارة صانع السلام,https://i.imgur.com/sYTr9Oi.jpeg,https://www.dropbox.com/scl/fi/vqjvmaqk5ri7j0g8fuy8i/Spacetoon.mp4?rlkey=smtsxz72l1006m78rfwbp30fr&st=lde4etp2&raw=1,2024-08-28 12:50:42.231874+00,2024-08-28 12:50:42.231874+00
37,شارة توب بليت,https://i.imgur.com/ze9OIxK.jpeg,https://www.dropbox.com/scl/fi/k4ykszobdppn13jud7rqq/Top-Plate-Spacetoon.mp4?rlkey=adpz8l0u3hfjcwvrommee7mfk&st=8hbfl02a&raw=1,2024-08-28 12:54:04.355401+00,2024-08-28 12:54:04.355401+00
38,شارة باص المدرسة العجيب,https://i.imgur.com/WTNzsQW.png,https://www.dropbox.com/scl/fi/tgfgch88o1gdi648u0659/Spacetoon.mp4?rlkey=iwnrl8t4s3d2a5hx70getxxrq&st=a9ehgmtb&raw=1,2024-08-28 12:57:44.150465+00,2024-08-28 12:57:44.150465+00
39,شارة النمرالمقنع,https://i.imgur.com/A81qnnA.jpeg,https://www.dropbox.com/scl/fi/n7pz8nk7oc047cig4fn0k/Spacetoon.mp4?rlkey=ongcyu0gcli9l4jh6wqy0tg5t&st=7l35gqx5&raw=1,2024-08-28 21:48:16.794809+00,2024-08-28 21:48:16.794809+00
40,شارة جواهر,https://i.imgur.com/m5X0M0k.jpeg,https://www.dropbox.com/scl/fi/s84fozcpczwm4ik0ng9tm/Spacetoon.mp4?rlkey=rme65dbg6ech0qnakixv2p966&st=mdh7fcqi&raw=1,2024-08-28 21:50:22.800212+00,2024-08-28 21:50:22.800212+00
41,شارة الطاقة الزرقاء,https://i.imgur.com/uMUiAio.png,https://www.dropbox.com/scl/fi/glmxmkuo6x5p9yvobplji/Spacetoon.mp4?rlkey=vci89gf7e1tzo8hu2on4dt8k0&st=a0v41nt8&raw=1,2024-08-28 21:54:49.386285+00,2024-08-28 21:54:49.386285+00
42,شارة ماجد الجزء الأول,https://i.imgur.com/PIl1viL.jpeg,https://www.dropbox.com/scl/fi/bgnh85ftq65om0ta0s7d0/Spacetoon.mp4?rlkey=nclph1zsqn94a86vu18gg1zf4&st=a2x7eyin&raw=1,2024-08-28 21:58:31.636828+00,2024-08-28 21:58:31.636828+00
43,شارة صقور الارض,https://i.imgur.com/xoDcIIs.png,https://www.dropbox.com/scl/fi/wqqtcof46uiybpv6s6qvu/.mp4?rlkey=d7xylmb1q0d9tu7ka2wkdfevo&st=d6fpyw08&raw=1,2024-08-28 22:05:29.47831+00,2024-08-28 22:05:29.47831+00
44,شارة القط الأسود,https://i.imgur.com/mI6n0AA.jpeg,https://www.dropbox.com/scl/fi/4abz0hx14930ke3e4beuj/Black-Cat-HD.mp4?rlkey=i7kmzeyfe7f71lrq9wh3xu5sv&st=ysks1oun&raw=1,2024-08-29 08:50:15.826159+00,2024-08-29 08:50:15.826159+00
45,شارة محققون,https://i.imgur.com/UolrQnf.jpeg,https://www.dropbox.com/scl/fi/g51mksljgqh1tbo83y3is/Spacetoon.mp4?rlkey=esbcikolzf3lwlfnddko3qcud&raw=1,2024-09-02 17:39:31.292353+00,2024-09-02 17:39:31.292353+00
46,شارة إيروكا,https://i.imgur.com/EVQOQS9.jpeg,https://www.dropbox.com/scl/fi/jbi6vagijpv0ke6u09xf4/Spacetoon.mp4?rlkey=swm3i84ycq404586ly2dpxqb3&raw=1,2024-09-02 19:23:48.449289+00,2024-09-02 19:23:48.449289+00
47,شارة مدرسة الكونغ فو,https://i.imgur.com/BzA9AWr.jpeg,https://www.dropbox.com/scl/fi/toulgjs140zvf2xs5v2uj/Spacetoon.mp4?rlkey=lo81dryy79w9vlr7ybughxu2l&raw=1,2024-09-02 19:30:48.741375+00,2024-09-02 19:30:48.741375+00
48,شارة الصياد الجريء,https://i.imgur.com/Qy6lJ63.jpeg,https://www.dropbox.com/scl/fi/ai0ww3tm2io7ih9ltcgu6/Spacetoon.mp4?rlkey=bz646dzyeb8yhbbl0gyioqrqq&raw=1,2024-09-02 19:37:37.319089+00,2024-09-02 19:37:37.319089+00
49,شارة كوكب الباندا,https://i.imgur.com/Jl0ZO04.jpeg,https://www.dropbox.com/scl/fi/udh9v77axin08cdulm3hg/.mp4?rlkey=xai6p1feij8nhr5pg16g2ndjr&raw=1,2024-09-02 19:38:57.008392+00,2024-09-02 19:38:57.008392+00
50,شارة الرمية الملتهبة,https://i.imgur.com/tQihVAa.jpeg,https://www.dropbox.com/scl/fi/kl1t6l253hmjkr8baqqf1/.mp4?rlkey=ky17jxmp3hhy89l57wnp3s7li&raw=1,2024-09-03 08:02:06.251912+00,2024-09-03 08:02:06.251912+00
51,شارة أوف سايد,https://i.imgur.com/QfPCNOf.jpeg,https://www.dropbox.com/scl/fi/tn9x28clnditqzz9yc0n9/Spacetoon.mp4?rlkey=t280cigp95af5mr52panll6eu&raw=1,2024-09-03 08:09:08.393594+00,2024-09-03 08:09:08.393594+00
52,شارة باباي,https://i.imgur.com/2WqY2KA.jpeg,https://www.dropbox.com/scl/fi/2ml0cj5tqyn20kmpcfy9s/Papaye-Spacetoon.mp4?rlkey=e7gsqriyiosus8a6k0evw2m9p&raw=1,2024-09-03 08:11:03.697015+00,2024-09-03 08:11:03.697015+00
53,شارة بي بو با,https://i.imgur.com/a7Ghzv1.jpeg,https://www.dropbox.com/scl/fi/dkxi1arkhuusl58lct8gd/Spacetoon.mp4?rlkey=1ml1h1lgew5nuhxblu1sde9fa&raw=1,2024-09-03 08:18:14.5255+00,2024-09-03 08:18:14.5255+00
54,شارة أرض الخيول,https://i.imgur.com/Obz3KjM.jpeg,https://www.dropbox.com/scl/fi/xlh0f4cxjzwb4ap01ow5m/Spacetoon.mp4?rlkey=n1fu64wupw4ndqoltnrx9gl6f&raw=1,2024-09-03 08:22:58.717524+00,2024-09-03 08:22:58.717524+00
55,شارة أبي,https://i.imgur.com/eXirhgg.jpeg,https://www.dropbox.com/scl/fi/2exihn2jw9wambkdtsrhj/Spacetoon.mp4?rlkey=462m0banorxgdvb7dmfweh1hk&raw=1,2024-09-03 08:24:21.862904+00,2024-09-03 08:24:21.862904+00
56,شارة أبطال الكرة الموسم الثالث,https://i.imgur.com/BdRpqVF.jpeg,https://www.dropbox.com/scl/fi/rib86lqlhwkj8rf3ywo8f/Inazuma-Eleven-Season-3-Intro-Spacetoon.mp4?rlkey=1twc93fccrjyd55i0tjgvz0oi&raw=1,2024-09-03 09:44:39.045793+00,2024-09-03 09:44:39.045793+00
57,شارة ال بي اكس,https://i.imgur.com/iOIUbcg.jpeg,https://www.dropbox.com/scl/fi/onnzkr5austm2lqv27iuz/LBX-Little-Battler-Experience-Spacetoon.mp4?rlkey=m11eu1p667v1chfyliiakwto4&raw=1,2024-09-03 09:46:33.730051+00,2024-09-03 09:46:33.730051+00
58,شارة همتارو,https://i.imgur.com/DAcULTL.jpeg,https://www.dropbox.com/scl/fi/6o03fyv0g9y2h9lgqg4ap/.mp4?rlkey=mnhx85b7pubhfrw6o08rpgmca&raw=1,2024-09-03 09:49:07.243027+00,2024-09-03 09:49:07.243027+00
59,شارة مغامرات نغم,https://i.imgur.com/GK8WMCP.jpeg,https://www.dropbox.com/scl/fi/2d8biqvnszcpw3zwsa11h/Spacetoon.mp4?rlkey=hlzo8ua0d1hdc7xjq7dakhir2&raw=1,2024-09-03 09:50:31.099919+00,2024-09-03 09:50:31.099919+00
60,شارة أسرار الغابة,https://i.imgur.com/p04HXw2.jpeg,https://www.dropbox.com/scl/fi/kzdq071gvfeeryqqff02q/Spacetoon.mp4?rlkey=t79uawhrtypr2prczkk7vc6lt&raw=1,2024-09-03 09:52:36.464672+00,2024-09-03 09:52:36.464672+00
61,شارة بداية ويب دايفر,https://i.imgur.com/8b2AYfd.png,https://www.dropbox.com/scl/fi/6q0mpqag49tpnro0vpaw4/Spacetoon.mp4?rlkey=35c2vwjqwtdm6wfnsoqxsyn19&raw=1,2024-09-03 09:57:19.928738+00,2024-09-03 09:57:19.928738+00
62,شارة حكايات عالمية,https://i.imgur.com/WWsjrKm.png,https://www.dropbox.com/scl/fi/z4u01txcr86j6wdsvfntr/bolafi.mp4?rlkey=utiny4sdaqvsypnsq03ioyj20&raw=1,2024-09-03 10:09:47.090357+00,2024-09-03 10:09:47.090357+00
63,شارة سالي,https://i.imgur.com/fmOjgI8.png,https://www.dropbox.com/scl/fi/s60stqi2azzr98etpe0nl/.mp4?rlkey=5ot0x4xmfv9ipfrl2rtc3qdxp&raw=1,2024-09-03 10:48:28.654698+00,2024-09-03 10:48:28.654698+00
64,شارة حكايات لا تنسى,https://i.imgur.com/cJtos2f.png,https://www.dropbox.com/scl/fi/nubiio4n75vllnacb5zv5/.mp4?rlkey=6mfujqnonfg5lz6d33lf4z0rr&raw=1,2024-09-03 10:58:17.425762+00,2024-09-03 10:58:17.425762+00
65,شارة جرندايزر,https://i.imgur.com/3S74jwI.jpeg,https://www.dropbox.com/scl/fi/1b1kwh1qi9hofpz63ql10/Grendizer-SpaceToon.mp4?rlkey=jkkorxh8cx9fq31mig9csfby3&raw=1,2024-09-03 11:00:43.106075+00,2024-09-03 11:00:43.106075+00
66,شارة يداتين جمب,https://i.imgur.com/NlLxfu9.jpeg,https://www.dropbox.com/scl/fi/ldaojosduar4qsvrvyns6/Idaten-jump-song.mp4?rlkey=3tsndawg2fqml8ce4qonoh9kx&raw=1,2024-09-03 11:06:29.410363+00,2024-09-03 11:06:29.410363+00
67,شارة بيبي الشقية,https://i.imgur.com/3Xr1Sux.jpeg,https://www.dropbox.com/scl/fi/3qnnzmzf3nfi4ekmcnqfj/Spacetoon.mp4?rlkey=yk8key6jugzgdvofxut9bpdlg&raw=1,2024-09-03 11:08:09.669146+00,2024-09-03 11:08:09.669146+00
68,شارة شارة القناص,https://i.ytimg.com/vi/JOz8CVQjTuA/maxresdefault.jpg,https://www.youtube.com/watch?v=JOz8CVQjTuA,2024-10-03 11:08:09.669146+00,2024-10-03 11:08:09.669146+00
69,شارة بداية عهد الأصدقاء,https://i.ytimg.com/vi/BYmcd8I4qcQ/maxresdefault.jpg,https://www.youtube.com/watch?v=BYmcd8I4qcQ,2024-10-03 11:08:09.669146+00,2024-10-03 11:08:09.669146+00
70,شارة بداية أسرار المحيط,https://i.ytimg.com/vi/ZlVFegYA0fo/maxresdefault.jpg,https://www.youtube.com/watch?v=ZlVFegYA0fo,2024-10-03 11:08:09.669146+00,2024-10-03 11:08:09.669146+00
71,شارة بداية سابق ولاحق,https://i.ytimg.com/vi/aVps7M4DH4s/maxresdefault.jpg,https://www.youtube.com/watch?v=aVps7M4DH4s,2024-10-03 11:08:09.669146+00,2024-10-03 11:08:09.669146+00
72,شارة بداية هزيم الرعد,https://i.ytimg.com/vi/wcMh6jHdC5Q/maxresdefault.jpg,https://www.youtube.com/watch?v=wcMh6jHdC5Q,2024-10-03 11:08:09.669146+00,2024-10-03 11:08:09.669146+00
73,شارة بداية دراغون بول   Dragon Ball,https://i.ytimg.com/vi/Ad5KfP3r1lE/sddefault.jpg,https://www.youtube.com/watch?v=Ad5KfP3r1lE,2024-10-03 11:08:09.669146+00,2024-10-03 11:08:09.669146+00
74,شارة بداية بيدامان   Battele B-daman,https://i.ytimg.com/vi/vks-_324yFM/maxresdefault.jpg,https://www.youtube.com/watch?v=vks-_324yFM,2024-10-03 11:08:09.669146+00,2024-10-03 11:08:09.669146+00
75,شارة بداية أنا وأخي,https://i.ytimg.com/vi/GY4rEmG2Rh0/maxresdefault.jpg,https://www.youtube.com/watch?v=GY4rEmG2Rh0,2024-10-03 11:08:09.669146+00,2024-10-03 11:08:09.669146+00
76,شارة بداية أنا وأختي,https://i.ytimg.com/vi/dB95J8Pa49c/maxresdefault.jpg,https://www.youtube.com/watch?v=dB95J8Pa49c,2024-10-03 11:08:09.669146+00,2024-10-03 11:08:09.669146+00
77,شارة بداية أنا وأخواتي,https://i.ytimg.com/vi/XK-HpBsbu-c/maxresdefault.jpg,https://www.youtube.com/watch?v=XK-HpBsbu-c,2024-10-03 11:08:09.669146+00,2024-10-03 11:08:09.669146+00
78,شارة بداية مغامرات نغم,https://i.ytimg.com/vi/2QbKVD2DjTM/maxresdefault.jpg,https://www.youtube.com/watch?v=2QbKVD2DjTM,2024-10-03 11:08:09.669146+00,2024-10-03 11:08:09.669146+00
79,الحديقة السرية شارة العمل,https://i.ytimg.com/vi/KyWUlkKD_yY/maxresdefault.jpg,https://www.youtube.com/watch?v=KyWUlkKD_yY,2024-10-03 11:08:09.669146+00,2024-10-03 11:08:09.669146+00
80,شارة بداية إيروكا,https://i.ytimg.com/vi/X1Hu_ms7BuE/maxresdefault.jpg,https://www.youtube.com/watch?v=X1Hu_ms7BuE,2024-10-03 11:08:09.669146+00,2024-10-03 11:08:09.669146+00
81,شارة بداية بائعة الكبريت,https://i.ytimg.com/vi/71aau2qMeXo/maxresdefault.jpg,https://www.youtube.com/watch?v=71aau2qMeXo,2024-10-03 11:08:09.669146+00,2024-10-03 11:08:09.669146+00
82,شارة بداية ريمي   Remi,https://i.ytimg.com/vi/8yHf-RIEiOU/maxresdefault.jpg,https://www.youtube.com/watch?v=8yHf-RIEiOU,2024-10-03 11:08:09.669146+00,2024-10-03 11:08:09.669146+00
83,شارة بداية الطاقة الزرقاء,https://i.ytimg.com/vi/S3ZuPbgiJac/hqdefault.jpg,https://www.youtube.com/watch?v=S3ZuPbgiJac,2024-10-03 11:08:09.669146+00,2024-10-03 11:08:09.669146+00
84,أدغال الديجيتال شارة العمل,https://i.ytimg.com/vi/EMGjiPvo89I/maxresdefault.jpg,https://www.youtube.com/watch?v=EMGjiPvo89I,2024-10-03 11:08:09.669146+00,2024-10-03 11:08:09.669146+00
85,مقدمة أبطال الديجيتال الجزء الثاني جودة عالية,https://i.ytimg.com/vi/ZWdg7QYjZcE/sddefault.jpg,https://www.youtube.com/watch?v=ZWdg7QYjZcE,2024-10-03 11:08:09.669146+00,2024-10-03 11:08:09.669146+00
87,شارة بداية سلام دانك,https://i.ytimg.com/vi/WevtBmOU5qY/maxresdefault.jpg,https://www.youtube.com/watch?v=WevtBmOU5qY,2024-10-03 11:08:09.669146+00,2024-10-03 11:08:09.669146+00
88,شارة الكابتن ماجد الجزء الأول,https://i.ytimg.com/vi/l0ibozG6mL0/maxresdefault.jpg,https://www.youtube.com/watch?v=l0ibozG6mL0,2024-10-03 11:08:09.669146+00,2024-10-03 11:08:09.669146+00
89,شارة بداية كابتن ماجد الجزء الثالث,https://i.ytimg.com/vi/y_hGiiGp0Xc/maxresdefault.jpg,https://www.youtube.com/watch?v=y_hGiiGp0Xc,2024-10-03 11:08:09.669146+00,2024-10-03 11:08:09.669146+00
90,شارة بداية الشبح,https://i.ytimg.com/vi/S_NYUfSf3TA/maxresdefault.jpg,https://www.youtube.com/watch?v=S_NYUfSf3TA,2024-10-03 11:08:09.669146+00,2024-10-03 11:08:09.669146+00
91,أراغاي طارق العربي طرقان,https://i.ytimg.com/vi/f6CPO9xWoTw/maxresdefault.jpg,https://www.youtube.com/watch?v=f6CPO9xWoTw,2024-10-03 11:08:09.669146+00,2024-10-03 11:08:09.669146+00
92,شارة بداية الصياد الجريء,https://i.ytimg.com/vi/Jfk7MDwhhpY/maxresdefault.jpg,https://www.youtube.com/watch?v=Jfk7MDwhhpY,2024-10-03 11:08:09.669146+00,2024-10-03 11:08:09.669146+00
93,شارة بداية باص المدرسة العجيب,https://i.ytimg.com/vi/pctpiLeVZAU/maxresdefault.jpg,https://www.youtube.com/watch?v=pctpiLeVZAU,2024-10-03 11:08:09.669146+00,2024-10-03 11:08:09.669146+00
94,شارة بداية مدينة النخيل,https://i.ytimg.com/vi/WPeArLLXwZg/maxresdefault.jpg,https://www.youtube.com/watch?v=WPeArLLXwZg,2024-10-03 11:08:09.669146+00,2024-10-03 11:08:09.669146+00
95,شارة بداية سندريلا,https://i.ytimg.com/vi/IctskdnjslM/maxresdefault.jpg,https://www.youtube.com/watch?v=IctskdnjslM,2024-10-03 11:08:09.669146+00,2024-10-03 11:08:09.669146+00
96,شارة بداية باباي    Papaye,https://i.ytimg.com/vi/dTt0OhLAmXA/maxresdefault.jpg,https://www.youtube.com/watch?v=dTt0OhLAmXA,2024-10-03 11:08:09.669146+00,2024-10-03 11:08:09.669146+00
97,شارة بابار فيل طارق العربي طرقان,https://i.ytimg.com/vi/BwRtzDVS84U/maxresdefault.jpg,https://www.youtube.com/watch?v=BwRtzDVS84U,2024-10-03 11:08:09.669146+00,2024-10-03 11:08:09.669146+00
98,مغامرات سندباد شارة البداية,https://i.ytimg.com/vi/ZoI6Fl_EC9g/hqdefault.jpg,https://www.youtube.com/watch?v=ZoI6Fl_EC9g,2024-10-03 11:08:09.669146+00,2024-10-03 11:08:09.669146+00
99,مقدمة ساندي بيل جودة دي في دي,https://i.ytimg.com/vi/8eZiX9HSU40/hqdefault.jpg,https://www.youtube.com/watch?v=8eZiX9HSU40,2024-10-03 11:08:09.669146+00,2024-10-03 11:08:09.669146+00
100,كارتون ساندي بل اغنيه النهايه-جوده عاليه,https://i.ytimg.com/vi/0_jO87HBA2E/hqdefault.jpg,https://www.youtube.com/watch?v=0_jO87HBA2E,2024-10-03 11:08:09.669146+00,2024-10-03 11:08:09.669146+00
101,شارة بداية شوت,https://i.ytimg.com/vi/BicsIpASXCc/maxresdefault.jpg,https://www.youtube.com/watch?v=BicsIpASXCc,2024-10-03 11:08:09.669146+00,2024-10-03 11:08:09.669146+00
102,شارة بداية المقاتل النبيل,https://i.ytimg.com/vi/pcrSBmF9zh4/maxresdefault.jpg,https://www.youtube.com/watch?v=pcrSBmF9zh4,2024-10-03 11:08:09.669146+00,2024-10-03 11:08:09.669146+00
103,شارة بداية أوف سايد,https://i.ytimg.com/vi/ZEW5BHx6urU/maxresdefault.jpg,https://www.youtube.com/watch?v=ZEW5BHx6urU,2024-10-03 11:08:09.669146+00,2024-10-03 11:08:09.669146+00
104,شارة بداية المحقق كونان اغاني كرتون قديمة,https://i.ytimg.com/vi/B8I9PzukMJQ/sddefault.jpg,https://www.youtube.com/watch?v=B8I9PzukMJQ,2024-10-03 11:08:09.669146+00,2024-10-03 11:08:09.669146+00
105,شارة بداية أكادمية الشرطة    Police Academy,https://i.ytimg.com/vi/0IeH_seQXC0/maxresdefault.jpg,https://www.youtube.com/watch?v=0IeH_seQXC0,2024-10-03 11:08:09.669146+00,2024-10-03 11:08:09.669146+00
106,شارة القناع الأخضر,https://i.ytimg.com/vi/euq8dJqAR8M/hqdefault.jpg,https://www.youtube.com/watch?v=euq8dJqAR8M,2024-10-03 11:08:09.669146+00,2024-10-03 11:08:09.669146+00
107,بات مان شارة العمل,https://i.ytimg.com/vi/bu6EBd3rPmI/hqdefault.jpg,https://www.youtube.com/watch?v=bu6EBd3rPmI,2024-10-03 11:08:09.669146+00,2024-10-03 11:08:09.669146+00
108,شارة بداية أرض الخيول هورس لاند,https://i.ytimg.com/vi/RuAKew_qImI/hqdefault.jpg,https://www.youtube.com/watch?v=RuAKew_qImI,2024-10-03 11:08:09.669146+00,2024-10-03 11:08:09.669146+00
109,شارة بداية القط الأسود,https://i.ytimg.com/vi/P0hzk7xI1b4/maxresdefault.jpg,https://www.youtube.com/watch?v=P0hzk7xI1b4,2024-10-03 11:08:09.669146+00,2024-10-03 11:08:09.669146+00
110,شارة بداية تاما والأصدقاء,https://i.ytimg.com/vi/HdyhGiVhQNE/maxresdefault.jpg,https://www.youtube.com/watch?v=HdyhGiVhQNE,2024-10-03 11:08:09.669146+00,2024-10-03 11:08:09.669146+00
111,الرمية الملتهبة  طارق العربي طرقان,https://i.ytimg.com/vi/bRUdWm0DaYg/maxresdefault.jpg,https://www.youtube.com/watch?v=bRUdWm0DaYg,2024-10-03 11:08:09.669146+00,2024-10-03 11:08:09.669146+00
112,بداية زورو,https://i.ytimg.com/vi/8QON72N7568/hqdefault.jpg,https://www.youtube.com/watch?v=8QON72N7568,2024-10-03 11:08:09.669146+00,2024-10-03 11:08:09.669146+00
113,بداية ليدي ليدي,https://i.ytimg.com/vi/BwtsSF3bgxw/hqdefault.jpg,https://www.youtube.com/watch?v=BwtsSF3bgxw,2024-10-03 11:08:09.669146+00,2024-10-03 11:08:09.669146+00
114,شارة موكا موكا,https://i.ytimg.com/vi/00tHaOagVdw/maxresdefault.jpg,https://www.youtube.com/watch?v=00tHaOagVdw,2024-10-03 11:08:09.669146+00,2024-10-03 11:08:09.669146+00
115,غنية الرسوم المتحركة في جعبتي حكايا,https://i.ytimg.com/vi/cmnKTBiffiI/hqdefault.jpg,https://www.youtube.com/watch?v=cmnKTBiffiI,2024-10-03 11:08:09.669146+00,2024-10-03 11:08:09.669146+00
116,‫شارة أنتِ الأمان  ريمي‬‎,https://i.ytimg.com/vi/oJSI5VZIQY0/hqdefault.jpg,https://www.youtube.com/watch?v=oJSI5VZIQY0,2024-10-03 11:08:09.669146+00,2024-10-03 11:08:09.669146+00
117,أمي ضمي يدي,https://i.ytimg.com/vi/Y_lzmNH-Wh8/maxresdefault.jpg,https://www.youtube.com/watch?v=Y_lzmNH-Wh8,2024-10-03 11:08:09.669146+00,2024-10-03 11:08:09.669146+00
118,أشتاق لبرك يا أمي,https://i.ytimg.com/vi/fhRyx3Q6jJY/maxresdefault.jpg,https://www.youtube.com/watch?v=fhRyx3Q6jJY,2024-10-03 11:08:09.669146+00,2024-10-03 11:08:09.669146+00
119,شارة بداية مدينة الصفصاف,https://i.ytimg.com/vi/UBBlIH3xfp8/sddefault.jpg,https://www.youtube.com/watch?v=UBBlIH3xfp8,2024-10-03 11:08:09.669146+00,2024-10-03 11:08:09.669146+00
120,شارة الرسوم المتحركة سوسان,https://i.ytimg.com/vi/l7HtAIHplTI/hqdefault.jpg,https://www.youtube.com/watch?v=l7HtAIHplTI,2024-10-03 11:08:09.669146+00,2024-10-03 11:08:09.669146+00
121,شارة بداية أسرار ليلى,https://i.ytimg.com/vi/Lk5xPc9SE4Q/maxresdefault.jpg,https://www.youtube.com/watch?v=Lk5xPc9SE4Q,2024-10-03 11:08:09.669146+00,2024-10-03 11:08:09.669146+00
122,شارة بداية كرش جير,https://i.ytimg.com/vi/qQK-VtU8FiA/maxresdefault.jpg,https://www.youtube.com/watch?v=qQK-VtU8FiA,2024-10-03 11:08:09.669146+00,2024-10-03 11:08:09.669146+00
123,شارة بداية فلة والأقزام السبعة,https://i.ytimg.com/vi/7wY71p7tC_Y/maxresdefault.jpg,https://www.youtube.com/watch?v=7wY71p7tC_Y,2024-10-03 11:08:09.669146+00,2024-10-03 11:08:09.669146+00
124,ايميلي شارة العمل,https://i.ytimg.com/vi/_McjTc1Qp9s/maxresdefault.jpg,https://www.youtube.com/watch?v=_McjTc1Qp9s,2024-10-03 11:08:09.669146+00,2024-10-03 11:08:09.669146+00
125,شارة بداية دروبي   Do Re Bi,https://i.ytimg.com/vi/Fc0LTrUSxKE/hqdefault.jpg,https://www.youtube.com/watch?v=Fc0LTrUSxKE,2024-10-03 11:08:09.669146+00,2024-10-03 11:08:09.669146+00
126,ماروكو  شارة البداية,https://i.ytimg.com/vi/TPrjOWwzHqA/hqdefault.jpg,https://www.youtube.com/watch?v=TPrjOWwzHqA,2024-10-03 11:08:09.669146+00,2024-10-03 11:08:09.669146+00
127,شارة بداية فيروزة,https://i.ytimg.com/vi/z_4U_UmLGtw/maxresdefault.jpg,https://www.youtube.com/watch?v=z_4U_UmLGtw,2024-10-03 11:08:09.669146+00,2024-10-03 11:08:09.669146+00
128,مقدمه الضاحكون,https://i.ytimg.com/vi/V8USmc89qNs/sddefault.jpg,https://www.youtube.com/watch?v=V8USmc89qNs,2024-10-03 11:08:09.669146+00,2024-10-03 11:08:09.669146+00
129,مقدمه بينكي وبرين,https://i.ytimg.com/vi/3lW5XQsw42c/hqdefault.jpg,https://www.youtube.com/watch?v=3lW5XQsw42c,2024-10-03 11:08:09.669146+00,2024-10-03 11:08:09.669146+00
130,شارة بداية كركتون,https://i.ytimg.com/vi/gOO0SMbo5-U/sddefault.jpg,https://www.youtube.com/watch?v=gOO0SMbo5-U,2024-10-03 11:08:09.669146+00,2024-10-03 11:08:09.669146+00
131,شارة بداية أسرار الغابة,https://i.ytimg.com/vi/cH9SyG-UJgg/maxresdefault.jpg,https://www.youtube.com/watch?v=cH9SyG-UJgg,2024-10-03 11:08:09.669146+00,2024-10-03 11:08:09.669146+00
132,شارة أجنحة الكاندام,https://i.ytimg.com/vi/_bIqva4VNt0/maxresdefault.jpg,https://www.youtube.com/watch?v=_bIqva4VNt0,2024-10-03 11:08:09.669146+00,2024-10-03 11:08:09.669146+00
133,شارة بداية في في,https://i.ytimg.com/vi/h2sIDCQVHko/maxresdefault.jpg,https://www.youtube.com/watch?v=h2sIDCQVHko,2024-10-03 11:08:09.669146+00,2024-10-03 11:08:09.669146+00
134,بيدا بول,https://i.ytimg.com/vi/wT8_ubolb4g/maxresdefault.jpg,https://www.youtube.com/watch?v=wT8_ubolb4g,2024-10-03 11:08:09.669146+00,2024-10-03 11:08:09.669146+00
135,شارة بداية كاسبر,https://i.ytimg.com/vi/SefHkgxXWss/maxresdefault.jpg,https://www.youtube.com/watch?v=SefHkgxXWss,2024-10-03 11:08:09.669146+00,2024-10-03 11:08:09.669146+00
136,شارة بداية الضربة الصاعقة,https://i.ytimg.com/vi/0UPzhsFR92Q/maxresdefault.jpg,https://www.youtube.com/watch?v=0UPzhsFR92Q,2024-10-03 11:08:09.669146+00,2024-10-03 11:08:09.669146+00
137,شارة بداية منطاد الأحلام,https://i.ytimg.com/vi/eZCc-HtMvzc/maxresdefault.jpg,https://www.youtube.com/watch?v=eZCc-HtMvzc,2024-10-03 11:08:09.669146+00,2024-10-03 11:08:09.669146+00
138,شارة بداية بيبي الشقية,https://i.ytimg.com/vi/Qg8OVfI4mYo/maxresdefault.jpg,https://www.youtube.com/watch?v=Qg8OVfI4mYo,2024-10-03 11:08:09.669146+00,2024-10-03 11:08:09.669146+00
139,شارة مغامرات حنين الجزء الأول طارق العربي طرقان,https://i.ytimg.com/vi/U7sM1CSSWIY/sddefault.jpg,https://www.youtube.com/watch?v=U7sM1CSSWIY,2024-10-03 11:08:09.669146+00,2024-10-03 11:08:09.669146+00
140,"""شارة البداية"" مغامرات سلفستر وتويتي",https://i.ytimg.com/vi/zjTuPPtvnEE/maxresdefault.jpg,https://www.youtube.com/watch?v=zjTuPPtvnEE,2024-10-03 11:08:09.669146+00,2024-10-03 11:08:09.669146+00
141,شارة بداية بليزين تينز    Blazing Teens,https://i.ytimg.com/vi/k1upRyUhXKI/maxresdefault.jpg,https://www.youtube.com/watch?v=k1upRyUhXKI,2024-10-03 11:08:09.669146+00,2024-10-03 11:08:09.669146+00
142,Remi  أنت الأمان أمي,https://i.ytimg.com/vi/MqGde9t_yWY/maxresdefault.jpg,https://www.youtube.com/watch?v=MqGde9t_yWY,2024-10-03 11:08:09.669146+00,2024-10-03 11:08:09.669146+00
143,أنا و أخي  بدون موسيقى,https://i.ytimg.com/vi/sSxkVoI2iLQ/maxresdefault.jpg,https://www.youtube.com/watch?v=sSxkVoI2iLQ,2024-10-03 11:08:09.669146+00,2024-10-03 11:08:09.669146+00
144,شارة هزيم الرعد بدون موسيقى,https://i.ytimg.com/vi/KmTLWrVnUNs/sddefault.jpg,https://www.youtube.com/watch?v=KmTLWrVnUNs,2024-10-03 11:08:09.669146+00,2024-10-03 11:08:09.669146+00
145,أبطال الديجيتال الجزء الثالث (يأتي يوم )  بدون موسيقى,https://i.ytimg.com/vi/uA_TrSANOr4/sddefault.jpg,https://www.youtube.com/watch?v=uA_TrSANOr4,2024-10-03 11:08:09.669146+00,2024-10-03 11:08:09.669146+00
146,شارة كونان Konan in Arabic بدون موسيقى,https://i.ytimg.com/vi/A8qA7rCVmbU/maxresdefault.jpg,https://www.youtube.com/watch?v=A8qA7rCVmbU,2024-10-03 11:08:09.669146+00,2024-10-03 11:08:09.669146+00
147,شارة ريمي  Remi in Arabic بدون موسيقى,https://i.ytimg.com/vi/dge2ImM8oyI/maxresdefault.jpg,https://www.youtube.com/watch?v=dge2ImM8oyI,2024-10-03 11:08:09.669146+00,2024-10-03 11:08:09.669146+00
148,أدغال الديجيتال   بدون موسيقى,https://i.ytimg.com/vi/TyrHs3c_E4I/sddefault.jpg,https://www.youtube.com/watch?v=TyrHs3c_E4I,2024-10-03 11:08:09.669146+00,2024-10-03 11:08:09.669146+00
150,شارة سنة حلوة يا سبيستون  بدون موسيقى,https://i.ytimg.com/vi/Fg49M8mI76s/sddefault.jpg,https://www.youtube.com/watch?v=Fg49M8mI76s,2024-10-03 11:08:09.669146+00,2024-10-03 11:08:09.669146+00
151,الحديقه السريه  بدون موسيقى,https://i.ytimg.com/vi/3QrwRj9dVyU/hqdefault.jpg,https://www.youtube.com/watch?v=3QrwRj9dVyU,2024-10-03 11:08:09.669146+00,2024-10-03 11:08:09.669146+00
152,اناشيد شارات بداية الكرتون القديمة كاملة    بدون موسيقى,https://i.ytimg.com/vi/Is-XIMmRcSo/maxresdefault.jpg,https://www.youtube.com/watch?v=Is-XIMmRcSo,2024-10-03 11:08:09.669146+00,2024-10-03 11:08:09.669146+00
153,الطاقة الزرقاء  بدون موسيقى,https://i.ytimg.com/vi/JBLizG-HjbM/sddefault.jpg,https://www.youtube.com/watch?v=JBLizG-HjbM,2024-10-03 11:08:09.669146+00,2024-10-03 11:08:09.669146+00
154,فرسان الأرض  بدون موسيقى,https://i.ytimg.com/vi/rwJp3-ZAmig/sddefault.jpg,https://www.youtube.com/watch?v=rwJp3-ZAmig,2024-10-03 11:08:09.669146+00,2024-10-03 11:08:09.669146+00
155,إيروكا ، حين أعود للوراء  بدون موسيقى,https://i.ytimg.com/vi/QPHwqYKJxnk/sddefault.jpg,https://www.youtube.com/watch?v=QPHwqYKJxnk,2024-10-03 11:08:09.669146+00,2024-10-03 11:08:09.669146+00
156,شارة دروب ريمي بدون موسيقى,https://i.ytimg.com/vi/XOBzRcWQy98/maxresdefault.jpg,https://www.youtube.com/watch?v=XOBzRcWQy98,2024-10-03 11:08:09.669146+00,2024-10-03 11:08:09.669146+00
157,أبطال الديجيتال الجزء الثالث ( الخطوة تدفع خطوة)  بدون موسيقى,https://i.ytimg.com/vi/u5bJLW6Mbvs/sddefault.jpg,https://www.youtube.com/watch?v=u5bJLW6Mbvs,2024-10-03 11:08:09.669146+00,2024-10-03 11:08:09.669146+00
158,دروب ريمي  بدون موسيقى,https://i.ytimg.com/vi/RXnzKQ4fpYw/maxresdefault.jpg,https://www.youtube.com/watch?v=RXnzKQ4fpYw,2024-10-03 11:08:09.669146+00,2024-10-03 11:08:09.669146+00
159,شارة ساندي بل  بدون موسيقى,https://i.ytimg.com/vi/utRtx7wwsf4/maxresdefault.jpg,https://www.youtube.com/watch?v=utRtx7wwsf4,2024-10-03 11:08:09.669146+00,2024-10-03 11:08:09.669146+00
160,أدغال الديجيتال  _ روعة بدون موسيقى,https://i.ytimg.com/vi/XaVbif-hF84/sddefault.jpg,https://www.youtube.com/watch?v=XaVbif-hF84,2024-10-03 11:08:09.669146+00,2024-10-03 11:08:09.669146+00
161,شارة  كرتون إيميلي بدون موسيقى,https://i.ytimg.com/vi/D2pFDnv9wqI/hqdefault.jpg,https://www.youtube.com/watch?v=D2pFDnv9wqI,2024-10-03 11:08:09.669146+00,2024-10-03 11:08:09.669146+00
162,انا واختي بدون موسيقى,https://i.ytimg.com/vi/zWxNfFiZCrE/sddefault.jpg,https://www.youtube.com/watch?v=zWxNfFiZCrE,2024-10-03 11:08:09.669146+00,2024-10-03 11:08:09.669146+00
163,شارة حكايات ما احلاها  بدون موسيقى,https://i.ytimg.com/vi/CFlNucFC_YU/hqdefault.jpg,https://www.youtube.com/watch?v=CFlNucFC_YU,2024-10-03 11:08:09.669146+00,2024-10-03 11:08:09.669146+00
164,لحن الحياة ، في دروب  بدون موسيقى,https://i.ytimg.com/vi/3FwFWC73FAg/sddefault.jpg,https://www.youtube.com/watch?v=3FwFWC73FAg,2024-10-03 11:08:09.669146+00,2024-10-03 11:08:09.669146+00
165,المقاتل النبيل  بدون موسيقى,https://i.ytimg.com/vi/S1zkdnIwH84/sddefault.jpg,https://www.youtube.com/watch?v=S1zkdnIwH84,2024-10-03 11:08:09.669146+00,2024-10-03 11:08:09.669146+00
166,شارة شوت البداية  بدون موسيقى,https://i.ytimg.com/vi/DWtM--F-D1M/sddefault.jpg,https://www.youtube.com/watch?v=DWtM--F-D1M,2024-10-03 11:08:09.669146+00,2024-10-03 11:08:09.669146+00
167,شارة بابار  بدون موسيقى,https://i.ytimg.com/vi/WL2Nu4-y0QM/sddefault.jpg,https://www.youtube.com/watch?v=WL2Nu4-y0QM,2024-10-03 11:08:09.669146+00,2024-10-03 11:08:09.669146+00
168,حصرياً  أغنية سوسان   بصوت طارق طرقان بدون موسيقى,https://i.ytimg.com/vi/xVmOaio3W6o/maxresdefault.jpg,https://www.youtube.com/watch?v=xVmOaio3W6o,2024-10-03 11:08:09.669146+00,2024-10-03 11:08:09.669146+00
169,شارة الرمية الملتهبة  بدون موسيقى,https://i.ytimg.com/vi/6A6pdetCrY8/sddefault.jpg,https://www.youtube.com/watch?v=6A6pdetCrY8,2024-10-03 11:08:09.669146+00,2024-10-03 11:08:09.669146+00
170,شارة هزيم الرعد  بدون موسيقى,https://i.ytimg.com/vi/esrcTOdgIWQ/sddefault.jpg,https://www.youtube.com/watch?v=esrcTOdgIWQ,2024-10-03 11:08:09.669146+00,2024-10-03 11:08:09.669146+00
171,الحديقة السرية   بدون موسيقى,https://i.ytimg.com/vi/9reCjBd25rI/sddefault.jpg,https://www.youtube.com/watch?v=9reCjBd25rI,2024-10-03 11:08:09.669146+00,2024-10-03 11:08:09.669146+00
172,بوكيمون   بدون موسيقى,https://i.ytimg.com/vi/1VVZkHhRZO4/sddefault.jpg,https://www.youtube.com/watch?v=1VVZkHhRZO4,2024-10-03 11:08:09.669146+00,2024-10-03 11:08:09.669146+00
173,أسرار المحيط بدون موسيقى,https://i.ytimg.com/vi/PQ0ZmSbyTNk/sddefault.jpg,https://www.youtube.com/watch?v=PQ0ZmSbyTNk,2024-10-03 11:08:09.669146+00,2024-10-03 11:08:09.669146+00
174,بي بليد بدون موسيقى,https://i.ytimg.com/vi/U2vpp_USwkM/sddefault.jpg,https://www.youtube.com/watch?v=U2vpp_USwkM,2024-10-03 11:08:09.669146+00,2024-10-03 11:08:09.669146+00
175,إيميلي بدون موسيقى,https://i.ytimg.com/vi/nyM6teRcKWs/sddefault.jpg,https://www.youtube.com/watch?v=nyM6teRcKWs,2024-10-03 11:08:09.669146+00,2024-10-03 11:08:09.669146+00
176,دايس شارة البداية      بدون موسيقى,https://i.ytimg.com/vi/1bjpAHDA2EE/maxresdefault.jpg,https://www.youtube.com/watch?v=1bjpAHDA2EE,2024-10-03 11:08:09.669146+00,2024-10-03 11:08:09.669146+00
177,شارة فرسان الأرض   شارة للوطن  بدون موسيقى,https://i.ytimg.com/vi/cE3-5yahCno/maxresdefault.jpg,https://www.youtube.com/watch?v=cE3-5yahCno,2024-10-03 11:08:09.669146+00,2024-10-03 11:08:09.669146+00
178,أغنيه بداية بائعه الكبريت بدون موسيقى,https://i.ytimg.com/vi/X_6IcQNN_v0/maxresdefault.jpg,https://www.youtube.com/watch?v=X_6IcQNN_v0,2024-10-03 11:08:09.669146+00,2024-10-03 11:08:09.669146+00
179,شارة اخ يا عيني سبيس تون  بدون موسيقى,https://i.ytimg.com/vi/9UU3Vazc9yE/sddefault.jpg,https://www.youtube.com/watch?v=9UU3Vazc9yE,2024-10-03 11:08:09.669146+00,2024-10-03 11:08:09.669146+00
180,شارة أبطال الكرة  بدون موسيقى,https://i.ytimg.com/vi/_9CcdJW4G3g/sddefault.jpg,https://www.youtube.com/watch?v=_9CcdJW4G3g,2024-10-03 11:08:09.669146+00,2024-10-03 11:08:09.669146+00
181,شارة  س ب ي نر  بدون موسيقى,https://i.ytimg.com/vi/A8zVhfOHyRE/maxresdefault.jpg,https://www.youtube.com/watch?v=A8zVhfOHyRE,2024-10-03 11:08:09.669146+00,2024-10-03 11:08:09.669146+00
182,دروبي مع دوري مي بدون موسيقى,https://i.ytimg.com/vi/BiiheOF3qro/hqdefault.jpg,https://www.youtube.com/watch?v=BiiheOF3qro,2024-10-03 11:08:09.669146+00,2024-10-03 11:08:09.669146+00
183,شارة القناص Hunter X Hunter سبيستون  بدون موسيقى,https://i.ytimg.com/vi/BUC4oG0Jzro/sddefault.jpg,https://www.youtube.com/watch?v=BUC4oG0Jzro,2024-10-03 11:08:09.669146+00,2024-10-03 11:08:09.669146+00
184,شارة بداية أسرار المحيط سبيستونأناشيد  بدون موسيقى,https://i.ytimg.com/vi/wGl-3WuXmnU/maxresdefault.jpg,https://www.youtube.com/watch?v=wGl-3WuXmnU,2024-10-03 11:08:09.669146+00,2024-10-03 11:08:09.669146+00
185,لولو كاتي و ميمي كاتي و سوسو كاتي بدون موسيقى,https://i.ytimg.com/vi/Q_08_lemW9A/hqdefault.jpg,https://www.youtube.com/watch?v=Q_08_lemW9A,2024-10-03 11:08:09.669146+00,2024-10-03 11:08:09.669146+00
186,شارة سيمبا  بدون موسيقى,https://i.ytimg.com/vi/HycZZDBDj6Y/maxresdefault.jpg,https://www.youtube.com/watch?v=HycZZDBDj6Y,2024-10-03 11:08:09.669146+00,2024-10-03 11:08:09.669146+00
187,شارة حكايات ما أحلاها أجمل كرتون   بدون موسيقى,https://i.ytimg.com/vi/UewNK7b8eYY/hqdefault.jpg,https://www.youtube.com/watch?v=UewNK7b8eYY,2024-10-03 11:08:09.669146+00,2024-10-03 11:08:09.669146+00
188,انشودة مرةً في حيينا بالكلمات-سبيستون بدون موسيقى,https://i.ytimg.com/vi/zMN5VEybY50/maxresdefault.jpg,https://www.youtube.com/watch?v=zMN5VEybY50,2024-10-03 11:08:09.669146+00,2024-10-03 11:08:09.669146+00
189,لا تبك يا صغيري - ابطال الديجتال بدون موسيقى,https://i.ytimg.com/vi/RIY0MSLk83o/hqdefault.jpg,https://www.youtube.com/watch?v=RIY0MSLk83o,2024-10-03 11:08:09.669146+00,2024-10-03 11:08:09.669146+00
190,أمي كم أهواها   أغاني سبيستون    بدون موسيقى,https://i.ytimg.com/vi/d9dbFNkPDgA/hqdefault.jpg,https://www.youtube.com/watch?v=d9dbFNkPDgA,2024-10-03 11:08:09.669146+00,2024-10-03 11:08:09.669146+00
192,شارة داي الشجاع  بدون موسيقى,https://i.ytimg.com/vi/35IC54Dycu8/hqdefault.jpg,https://www.youtube.com/watch?v=35IC54Dycu8,2024-10-03 11:08:09.669146+00,2024-10-03 11:08:09.669146+00
193,شارة بداية بى باتل بدون موسيقى,https://i.ytimg.com/vi/MNbVJ4VngwQ/hqdefault.jpg,https://www.youtube.com/watch?v=MNbVJ4VngwQ,2024-10-03 11:08:09.669146+00,2024-10-03 11:08:09.669146+00
194,شارة - بداية - دراغون بول زد كاي -  - سبيستون بدون موسيقى,https://i.ytimg.com/vi/WuaPfRSmIQc/hqdefault.jpg,https://www.youtube.com/watch?v=WuaPfRSmIQc,2024-10-03 11:08:09.669146+00,2024-10-03 11:08:09.669146+00
195,شارة هزيم الرعد أغاني سبيستون القديمة بدون موسيقى,https://i.ytimg.com/vi/ivGyT-Io2eo/sddefault.jpg,https://www.youtube.com/watch?v=ivGyT-Io2eo,2024-10-03 11:08:09.669146+00,2024-10-03 11:08:09.669146+00
196,سالي    بدون موسيقى,https://i.ytimg.com/vi/5REr8xOm-x4/sddefault.jpg,https://www.youtube.com/watch?v=5REr8xOm-x4,2024-10-03 11:08:09.669146+00,2024-10-03 11:08:09.669146+00
197,شارة عهد الأصدقاء   بدون موسيقى,https://i.ytimg.com/vi/tFSWhgUhKGY/maxresdefault.jpg,https://www.youtube.com/watch?v=tFSWhgUhKGY,2024-10-03 11:08:09.669146+00,2024-10-03 11:08:09.669146+00
198,أغنيه بداية باتمان سبيستونأناشيد  بدون موسيقى,https://i.ytimg.com/vi/GP5yTb9MpOs/hqdefault.jpg,https://www.youtube.com/watch?v=GP5yTb9MpOs,2024-10-03 11:08:09.669146+00,2024-10-03 11:08:09.669146+00
199,أبطال الديجيتال الجزء الأول والثاني (في فخ غريب وقعنا )  بدون موسيقى,https://i.ytimg.com/vi/Tj37m-nYEuQ/sddefault.jpg,https://www.youtube.com/watch?v=Tj37m-nYEuQ,2024-10-03 11:08:09.669146+00,2024-10-03 11:08:09.669146+00
200,شارة بوكيمون   بدون موسيقى,https://i.ytimg.com/vi/iFUc2h0tqFc/sddefault.jpg,https://www.youtube.com/watch?v=iFUc2h0tqFc,2024-10-03 11:08:09.669146+00,2024-10-03 11:08:09.669146+00
201,شارة البداية - سلام دانك بدون موسيقى,https://i.ytimg.com/vi/NwVj8PHS-aw/hqdefault.jpg,https://www.youtube.com/watch?v=NwVj8PHS-aw,2024-10-03 11:08:09.669146+00,2024-10-03 11:08:09.669146+00
202,شارة ماوكلي  بدون موسيقى,https://i.ytimg.com/vi/o-S3JHraqDY/sddefault.jpg,https://www.youtube.com/watch?v=o-S3JHraqDY,2024-10-03 11:08:09.669146+00,2024-10-03 11:08:09.669146+00
203,أصحابي مسرورون   بصوت طارق العربي طرقان بدون موسيقى,https://i.ytimg.com/vi/76wsAtpPx7A/sddefault.jpg,https://www.youtube.com/watch?v=76wsAtpPx7A,2024-10-03 11:08:09.669146+00,2024-10-03 11:08:09.669146+00
204,شارة بليزينغ تيم  بدون موسيقى,https://i.ytimg.com/vi/6sd-MJuX5MY/sddefault.jpg,https://www.youtube.com/watch?v=6sd-MJuX5MY,2024-10-03 11:08:09.669146+00,2024-10-03 11:08:09.669146+00
205,شارة سمبا  بدون موسيقى,https://i.ytimg.com/vi/miU-W3sJqsM/sddefault.jpg,https://www.youtube.com/watch?v=miU-W3sJqsM,2024-10-03 11:08:09.669146+00,2024-10-03 11:08:09.669146+00
206,أغنية روبن هود  بدون موسيقى,https://i.ytimg.com/vi/plNmP2_zMIA/maxresdefault.jpg,https://www.youtube.com/watch?v=plNmP2_zMIA,2024-10-03 11:08:09.669146+00,2024-10-03 11:08:09.669146+00
207,سبيس تون _  شارة كل الارانب بدون موسيقى,https://i.ytimg.com/vi/WWtC3_OB5qE/hqdefault.jpg,https://www.youtube.com/watch?v=WWtC3_OB5qE,2024-10-03 11:08:09.669146+00,2024-10-03 11:08:09.669146+00
208,شارة كرتون الكابتن رابح    بدون موسيقى,https://i.ytimg.com/vi/BoU2Dv4UvCY/maxresdefault.jpg,https://www.youtube.com/watch?v=BoU2Dv4UvCY,2024-10-03 11:08:09.669146+00,2024-10-03 11:08:09.669146+00
209,يولاندا -  شارة البداية - ARTeenz بدون موسيقى,https://i.ytimg.com/vi/672NdunpZ8k/hqdefault.jpg,https://www.youtube.com/watch?v=672NdunpZ8k,2024-10-03 11:08:09.669146+00,2024-10-03 11:08:09.669146+00
210,بوكاهانتس -  شارة البداية - ارتينز ARTeenz بدون موسيقى,https://i.ytimg.com/vi/X8VmxUCgt5k/hqdefault.jpg,https://www.youtube.com/watch?v=X8VmxUCgt5k,2024-10-03 11:08:09.669146+00,2024-10-03 11:08:09.669146+00
211,فليبر و لوباكا -  شارة البداية - ARTeenz بدون موسيقى,https://i.ytimg.com/vi/j_ll8qJZ0dc/hqdefault.jpg,https://www.youtube.com/watch?v=j_ll8qJZ0dc,2024-10-03 11:08:09.669146+00,2024-10-03 11:08:09.669146+00
212,مقدمة مسلسل بيكمون - الجزء الاول ArtTeenz بدون موسيقى,https://i.ytimg.com/vi/ItqciM_lCQM/hqdefault.jpg,https://www.youtube.com/watch?v=ItqciM_lCQM,2024-10-03 11:08:09.669146+00,2024-10-03 11:08:09.669146+00
213,المدافعون -  شارة البداية - ARTeenz بدون موسيقى,https://i.ytimg.com/vi/ISokcwZv8so/hqdefault.jpg,https://www.youtube.com/watch?v=ISokcwZv8so,2024-10-03 11:08:09.669146+00,2024-10-03 11:08:09.669146+00
214,هيفي كروكيت -  شارة البداية  - ARTeenz بدون موسيقى,https://i.ytimg.com/vi/_dIachlp_zg/hqdefault.jpg,https://www.youtube.com/watch?v=_dIachlp_zg,2024-10-03 11:08:09.669146+00,2024-10-03 11:08:09.669146+00
215,كنوز سبيستون | أسرار المحيط | شارة العمل | جودة عالية,https://i.ytimg.com/vi/AiPrpedIAa8/maxresdefault.jpg,https://www.youtube.com/watch?v=AiPrpedIAa8,2024-10-03 11:08:09.669146+00,2024-10-03 11:08:09.669146+00
216,سبيستون | كرم المخترع الصغير | شارة العمل | جودة محسنة,https://i.ytimg.com/vi/h2s5sw4z9gU/maxresdefault.jpg,https://www.youtube.com/watch?v=h2s5sw4z9gU,2024-10-03 11:08:09.669146+00,2024-10-03 11:08:09.669146+00
217,كنوز سبيستون | عهد الأصدقاء | شارة العمل | جودة عالية,https://i.ytimg.com/vi/Fxgsy70mKFA/maxresdefault.jpg,https://www.youtube.com/watch?v=Fxgsy70mKFA,2024-10-03 11:08:09.669146+00,2024-10-03 11:08:09.669146+00
218,كنوز سبيستون | جنى | شارة العمل,https://i.ytimg.com/vi/S9xemtXziE8/maxresdefault.jpg,https://www.youtube.com/watch?v=S9xemtXziE8,2024-10-03 11:08:09.669146+00,2024-10-03 11:08:09.669146+00
219,سبيستون | شارة فصل الصيف | صيفٌ صيف,https://i.ytimg.com/vi/xoI6Vrjqx00/maxresdefault.jpg,https://www.youtube.com/watch?v=xoI6Vrjqx00,2024-10-03 11:08:09.669146+00,2024-10-03 11:08:09.669146+00
220,سبيستون | شارة كنوز سبيستون | قصصٌ تُلهم وعبرٌ تدوم,https://i.ytimg.com/vi/cmWnC7BHyiQ/maxresdefault.jpg,https://www.youtube.com/watch?v=cmWnC7BHyiQ,2024-10-03 11:08:09.669146+00,2024-10-03 11:08:09.669146+00
221,سبيستون | أنشودة وديلي سلامي يا رايح للحرم,https://i.ytimg.com/vi/Rg1q5veLVjo/maxresdefault.jpg,https://www.youtube.com/watch?v=Rg1q5veLVjo,2024-10-03 11:08:09.669146+00,2024-10-03 11:08:09.669146+00
222,سبيستون | السندباد | شارة الفيلم | كوكب أفلام,https://i.ytimg.com/vi/iFboeAJK6HQ/maxresdefault.jpg,https://www.youtube.com/watch?v=iFboeAJK6HQ,2024-10-03 11:08:09.669146+00,2024-10-03 11:08:09.669146+00
223,سبيستون | أبطال الكرة فرسان الزمن | شارة العمل,https://i.ytimg.com/vi/4qnlLXpOgMc/maxresdefault.jpg,https://www.youtube.com/watch?v=4qnlLXpOgMc,2024-10-03 11:08:09.669146+00,2024-10-03 11:08:09.669146+00
224,سبيستون | علا المكتشفة الصغيرة | شارة العمل,https://i.ytimg.com/vi/fxQxuZL54rE/maxresdefault.jpg,https://www.youtube.com/watch?v=fxQxuZL54rE,2024-10-03 11:08:09.669146+00,2024-10-03 11:08:09.669146+00
225,سبيستون | سيمبا | شارة العمل,https://i.ytimg.com/vi/XQ2neHpVYZU/maxresdefault.jpg,https://www.youtube.com/watch?v=XQ2neHpVYZU,2024-10-03 11:08:09.669146+00,2024-10-03 11:08:09.669146+00
226,سبيستون | زورو | شارة العمل,https://i.ytimg.com/vi/sam3DXZxSCk/maxresdefault.jpg,https://www.youtube.com/watch?v=sam3DXZxSCk,2024-10-03 11:08:09.669146+00,2024-10-03 11:08:09.669146+00
227,سبيستون | حكايات لا تنسى | شارة العمل,https://i.ytimg.com/vi/_VSRHqxfm1E/maxresdefault.jpg,https://www.youtube.com/watch?v=_VSRHqxfm1E,2024-10-03 11:08:09.669146+00,2024-10-03 11:08:09.669146+00
228,سبيستون | المدافعون Street Fighters | شارة العمل,https://i.ytimg.com/vi/cZUlXWmgMUI/sddefault.jpg,https://www.youtube.com/watch?v=cZUlXWmgMUI,2024-10-03 11:08:09.669146+00,2024-10-03 11:08:09.669146+00
229,سبيستون | يوم النظافة العالمي | نحن الجراثيم الصغيرة,https://i.ytimg.com/vi/4M1oASEU9Ls/maxresdefault.jpg,https://www.youtube.com/watch?v=4M1oASEU9Ls,2024-10-03 11:08:09.669146+00,2024-10-03 11:08:09.669146+00
230,سبيستون | بي بليد المعركة الحديدية | شارة العمل,https://i.ytimg.com/vi/nCYjNpE9FqY/maxresdefault.jpg,https://www.youtube.com/watch?v=nCYjNpE9FqY,2024-10-03 11:08:09.669146+00,2024-10-03 11:08:09.669146+00
231,سبيستون | بي بليد | شارة بين الأرض والسماء,https://i.ytimg.com/vi/u8eT0bblzzw/maxresdefault.jpg,https://www.youtube.com/watch?v=u8eT0bblzzw,2024-10-03 11:08:09.669146+00,2024-10-03 11:08:09.669146+00
232,سبيستون | مغامرات داي الشجاع | شارة العمل,https://i.ytimg.com/vi/U_om7zTMQ6I/maxresdefault.jpg,https://www.youtube.com/watch?v=U_om7zTMQ6I,2024-10-03 11:08:09.669146+00,2024-10-03 11:08:09.669146+00
233,سبيستون | مغامرات حنين | الجزء الأول | شارة العمل,https://i.ytimg.com/vi/5uB4u6iHdZw/maxresdefault.jpg,https://www.youtube.com/watch?v=5uB4u6iHdZw,2024-10-03 11:08:09.669146+00,2024-10-03 11:08:09.669146+00
234,سبيستون | بابار فيل | شارة العمل,https://i.ytimg.com/vi/_CB9Dv2-hxA/maxresdefault.jpg,https://www.youtube.com/watch?v=_CB9Dv2-hxA,2024-10-03 11:08:09.669146+00,2024-10-03 11:08:09.669146+00
235,سبيستون | لحن الحياة | شارة العمل,https://i.ytimg.com/vi/aKc9T6mRHEc/maxresdefault.jpg,https://www.youtube.com/watch?v=aKc9T6mRHEc,2024-10-03 11:08:09.669146+00,2024-10-03 11:08:09.669146+00
236,سبيستون | أبطال الديجيتال الجزء الثالث | شارة دوري يا أرضنا الحلوة,https://i.ytimg.com/vi/-BVg2AU7p0o/maxresdefault.jpg,https://www.youtube.com/watch?v=-BVg2AU7p0o,2024-10-03 11:08:09.669146+00,2024-10-03 11:08:09.669146+00
237,سبيستون | مغامرات سوسان | شارة العمل,https://i.ytimg.com/vi/xJckPgkxz4s/maxresdefault.jpg,https://www.youtube.com/watch?v=xJckPgkxz4s,2024-10-03 11:08:09.669146+00,2024-10-03 11:08:09.669146+00
238,سبيستون | صقور الأرض | شارة العمل,https://i.ytimg.com/vi/LcygkuMe7YI/maxresdefault.jpg,https://www.youtube.com/watch?v=LcygkuMe7YI,2024-10-03 11:08:09.669146+00,2024-10-03 11:08:09.669146+00
239,سبيستون | الرمية الملتهبة | شارة العمل,https://i.ytimg.com/vi/PnmIMtM9xjo/maxresdefault.jpg,https://www.youtube.com/watch?v=PnmIMtM9xjo,2024-10-03 11:08:09.669146+00,2024-10-03 11:08:09.669146+00
240,سبيستون | أبطال الديجيتال الجزء الثالث | شارة الخطوة تدفع خطوة,https://i.ytimg.com/vi/9lK5mDxYRJw/maxresdefault.jpg,https://www.youtube.com/watch?v=9lK5mDxYRJw,2024-10-03 11:08:09.669146+00,2024-10-03 11:08:09.669146+00
241,سبيستون | البؤساء | شارة سأنام سأنام انتظري يا أحلام,https://i.ytimg.com/vi/qQ_e5X3WUMw/maxresdefault.jpg,https://www.youtube.com/watch?v=qQ_e5X3WUMw,2024-10-03 11:08:09.669146+00,2024-10-03 11:08:09.669146+00
242,Spacetoon - Bassma & Dahoomy | مغامرات بسمة ودحومي - الجزء الثالث - شارة الحُلُم,https://i.ytimg.com/vi/mWPBOgOrWNc/maxresdefault.jpg,https://www.youtube.com/watch?v=mWPBOgOrWNc,2024-10-03 11:08:09.669146+00,2024-10-03 11:08:09.669146+00
243,سبيستون | فيلم بارتوك العظيم | شارة حياة الساحرات | كوكب أفلام,https://i.ytimg.com/vi/Oal_rYz542c/maxresdefault.jpg,https://www.youtube.com/watch?v=Oal_rYz542c,2024-10-03 11:08:09.669146+00,2024-10-03 11:08:09.669146+00
244,سبيستون | محطات مسار البطريق | Penguin Highway | شارة يا طيف الماضي,https://i.ytimg.com/vi/B9ZJ5wbWtcs/maxresdefault.jpg,https://www.youtube.com/watch?v=B9ZJ5wbWtcs,2024-10-03 11:08:09.669146+00,2024-10-03 11:08:09.669146+00
245,سبيستون | مغامرة في بلاد العجائب | The Birthday Wonderland | شارة الفيلم,https://i.ytimg.com/vi/y4lf0xIJyK0/maxresdefault.jpg,https://www.youtube.com/watch?v=y4lf0xIJyK0,2024-10-03 11:08:09.669146+00,2024-10-03 11:08:09.669146+00
246,سبيستون | عيد سبيستون 24 | شارة سبيستون ملهمتي,https://i.ytimg.com/vi/3iNtsWSxRPE/maxresdefault.jpg,https://www.youtube.com/watch?v=3iNtsWSxRPE,2024-10-03 11:08:09.669146+00,2024-10-03 11:08:09.669146+00
247,سبيستون | شارة هلال رمضان,https://i.ytimg.com/vi/BojfVe5G6GM/maxresdefault.jpg,https://www.youtube.com/watch?v=BojfVe5G6GM,2024-10-03 11:08:09.669146+00,2024-10-03 11:08:09.669146+00
248,سبيستون | احتفالية الدرع الألماسي | أكثر 10 أغنيات استماعاً على يوتيوب سبيستون,https://i.ytimg.com/vi/o0z_LEhtqkQ/maxresdefault.jpg,https://www.youtube.com/watch?v=o0z_LEhtqkQ,2024-10-03 11:08:09.669146+00,2024-10-03 11:08:09.669146+00
249,سبيستون | أبطال الكرة الفرسان | شارة النهاية,https://i.ytimg.com/vi/87fr8c9JvKc/sddefault.jpg,https://www.youtube.com/watch?v=87fr8c9JvKc,2024-10-03 11:08:09.669146+00,2024-10-03 11:08:09.669146+00
250,سبيستون | أبطال الكرة الفرسان | شارة البداية,https://i.ytimg.com/vi/H2Ay0HOpH_w/maxresdefault.jpg,https://www.youtube.com/watch?v=H2Ay0HOpH_w,2024-10-03 11:08:09.669146+00,2024-10-03 11:08:09.669146+00
251,سبيستون | شارة سوبر سونيك سبينر,https://i.ytimg.com/vi/SsbO2wxE_Ow/maxresdefault.jpg,https://www.youtube.com/watch?v=SsbO2wxE_Ow,2024-10-03 11:08:09.669146+00,2024-10-03 11:08:09.669146+00
253,سبيستون | مودا مودي | أما آن للأحزان أن تختفي,https://i.ytimg.com/vi/EgDVXeojW94/maxresdefault.jpg,https://www.youtube.com/watch?v=EgDVXeojW94,2024-10-03 11:08:09.669146+00,2024-10-03 11:08:09.669146+00
254,سبيستون | أبناء الوطن | شارة البداية,https://i.ytimg.com/vi/gISu_-igKsI/maxresdefault.jpg,https://www.youtube.com/watch?v=gISu_-igKsI,2024-10-03 11:08:09.669146+00,2024-10-03 11:08:09.669146+00
255,Spacetoon - Back to School Song | سبيستون - شارة العودة إلى المدرسة,https://i.ytimg.com/vi/oa7LArqwYbY/maxresdefault.jpg,https://www.youtube.com/watch?v=oa7LArqwYbY,2024-10-03 11:08:09.669146+00,2024-10-03 11:08:09.669146+00
256,شمسٌ سطعت والرحلة بدأت مع أغنيات فصل الصيف,https://i.ytimg.com/vi/vqmIg81ANj8/maxresdefault.jpg,https://www.youtube.com/watch?v=vqmIg81ANj8,2024-10-03 11:08:09.669146+00,2024-10-03 11:08:09.669146+00
257,سبيستون | رحلة مع أجمل شارات كوكب مغامرات,https://i.ytimg.com/vi/6e3V9DxLEGM/maxresdefault.jpg,https://www.youtube.com/watch?v=6e3V9DxLEGM,2024-10-03 11:08:09.669146+00,2024-10-03 11:08:09.669146+00
258,سبيستون | مجموعة من أجمل أغنيات العيد,https://i.ytimg.com/vi/h385ZIoYuto/sddefault.jpg,https://www.youtube.com/watch?v=h385ZIoYuto,2024-10-03 11:08:09.669146+00,2024-10-03 11:08:09.669146+00
259,سبيستون | أنشودة نورٌ في الأجواء تألق,https://i.ytimg.com/vi/GDw-seeyfSQ/maxresdefault.jpg,https://www.youtube.com/watch?v=GDw-seeyfSQ,2024-10-03 11:08:09.669146+00,2024-10-03 11:08:09.669146+00
260,سبيستون | أنشودة يا طيبة,https://i.ytimg.com/vi/DTLjcqZLs94/maxresdefault.jpg,https://www.youtube.com/watch?v=DTLjcqZLs94,2024-10-03 11:08:09.669146+00,2024-10-03 11:08:09.669146+00
261,سبيستون | شارة جاء الامتحان,https://i.ytimg.com/vi/HeVCaX7-Ke8/maxresdefault.jpg,https://www.youtube.com/watch?v=HeVCaX7-Ke8,2024-10-03 11:08:09.669146+00,2024-10-03 11:08:09.669146+00
262,سبيستون | أنا وأخي | شارة حلمي الصغير,https://i.ytimg.com/vi/YTR7yP7PF4E/maxresdefault.jpg,https://www.youtube.com/watch?v=YTR7yP7PF4E,2024-10-03 11:08:09.669146+00,2024-10-03 11:08:09.669146+00
264,سبيستون | أغاني عيد الفطر - شارة العيد من مودا مودي,https://i.ytimg.com/vi/8cRwwgOzHF4/maxresdefault.jpg,https://www.youtube.com/watch?v=8cRwwgOzHF4,2024-10-03 11:08:09.669146+00,2024-10-03 11:08:09.669146+00
265,سبيستون | أغاني عيد الفطر - العيد أتانا بالفرحة,https://i.ytimg.com/vi/ruQqwZ4bofI/maxresdefault.jpg,https://www.youtube.com/watch?v=ruQqwZ4bofI,2024-10-03 11:08:09.669146+00,2024-10-03 11:08:09.669146+00
266,سبيستون | أغاني عيد الفطر - شارة العيد من ماشا والدب,https://i.ytimg.com/vi/ukZhOdc_uhw/maxresdefault.jpg,https://www.youtube.com/watch?v=ukZhOdc_uhw,2024-10-03 11:08:09.669146+00,2024-10-03 11:08:09.669146+00
267,سبيستون | شارة سيري يا فتاتي - فيلم الأمل,https://i.ytimg.com/vi/O9_4YMTIE8s/maxresdefault.jpg,https://www.youtube.com/watch?v=O9_4YMTIE8s,2024-10-03 11:08:09.669146+00,2024-10-03 11:08:09.669146+00
268,سبيستون | أجمل الشارات والأغنيات في عيد الأم,https://i.ytimg.com/vi/XoQSAP1MOgo/maxresdefault.jpg,https://www.youtube.com/watch?v=XoQSAP1MOgo,2024-10-03 11:08:09.669146+00,2024-10-03 11:08:09.669146+00
269,سبيستون | أجمل الأغنيات في عيد سبيستون 23,https://i.ytimg.com/vi/u_UAVGmJrBk/maxresdefault.jpg,https://www.youtube.com/watch?v=u_UAVGmJrBk,2024-10-03 11:08:09.669146+00,2024-10-03 11:08:09.669146+00
270,سبيستون - شارة عشرة أغنام في المرعى,https://i.ytimg.com/vi/iQKp4Gzf0O8/maxresdefault.jpg,https://www.youtube.com/watch?v=iQKp4Gzf0O8,2024-10-03 11:08:09.669146+00,2024-10-03 11:08:09.669146+00
271,سبيستون | المجموعة النارية - أقوى شارات كوكب أكشن,https://i.ytimg.com/vi/4LJLRFKBHtY/maxresdefault.jpg,https://www.youtube.com/watch?v=4LJLRFKBHtY,2024-10-03 11:08:09.669146+00,2024-10-03 11:08:09.669146+00
272,سبيستون - شارة بي باتل بيرست رايز الجديدة | Spacetoon - BeyBattle Burst Rise New Song,https://i.ytimg.com/vi/HQc5n5DlqkM/maxresdefault.jpg,https://www.youtube.com/watch?v=HQc5n5DlqkM,2024-10-03 11:08:09.669146+00,2024-10-03 11:08:09.669146+00
273,سبيستون | يا طيبة - المدينة المنورة,https://i.ytimg.com/vi/YoAU-tciuVs/maxresdefault.jpg,https://www.youtube.com/watch?v=YoAU-tciuVs,2024-10-03 11:08:09.669146+00,2024-10-03 11:08:09.669146+00
274,Spacetoon - World Cup Song | سبيستون - شارة كأس العالم - هيّا هيّا اهتف معنا,https://i.ytimg.com/vi/TtyYwKlgu2A/maxresdefault.jpg,https://www.youtube.com/watch?v=TtyYwKlgu2A,2024-10-03 11:08:09.669146+00,2024-10-03 11:08:09.669146+00
275,سبيستون | اليوم العالمي التلفاز World Television Day - تخيل أن الكون من غير سبيستون,https://i.ytimg.com/vi/QNwHJhkoaCY/maxresdefault.jpg,https://www.youtube.com/watch?v=QNwHJhkoaCY,2024-10-03 11:08:09.669146+00,2024-10-03 11:08:09.669146+00
276,سبيستون | شارة شوت نسخة كأس العالم 2022,https://i.ytimg.com/vi/NyqUAUmAkrc/maxresdefault.jpg,https://www.youtube.com/watch?v=NyqUAUmAkrc,2024-10-03 11:08:09.669146+00,2024-10-03 11:08:09.669146+00
277,سبيستون | أغاني كرة القدم السبيستونية الأكثر حماسةً,https://i.ytimg.com/vi/ah2XxbGTp14/maxresdefault.jpg,https://www.youtube.com/watch?v=ah2XxbGTp14,2024-10-03 11:08:09.669146+00,2024-10-03 11:08:09.669146+00
278,Spacetoon - Bassma & Dahoomy | شارة مدرستي ملهمتي - مغامرات بسمة ودحومي,https://i.ytimg.com/vi/DWMrVASKshI/maxresdefault.jpg,https://www.youtube.com/watch?v=DWMrVASKshI,2024-10-03 11:08:09.669146+00,2024-10-03 11:08:09.669146+00
279,سبيستون | شارة النجاح - نجحت نجحَ نجحتُ نجحنا,https://i.ytimg.com/vi/ez5C_2L_OuA/maxresdefault.jpg,https://www.youtube.com/watch?v=ez5C_2L_OuA,2024-10-03 11:08:09.669146+00,2024-10-03 11:08:09.669146+00
281,سبيستون | 22 عاماً من الموسيقا وأكثر,https://i.ytimg.com/vi/7YoByEOOmvk/maxresdefault.jpg,https://www.youtube.com/watch?v=7YoByEOOmvk,2024-10-03 11:08:09.669146+00,2024-10-03 11:08:09.669146+00
282,سبيستون - شارة قصر المغامرات الجزء الثاني,https://i.ytimg.com/vi/inlmVc8AoMc/maxresdefault.jpg,https://www.youtube.com/watch?v=inlmVc8AoMc,2024-10-03 11:08:09.669146+00,2024-10-03 11:08:09.669146+00
283,سبيستون | شارة كاليميرو,https://i.ytimg.com/vi/5bkTb_Xvrcw/maxresdefault.jpg,https://www.youtube.com/watch?v=5bkTb_Xvrcw,2024-10-03 11:08:09.669146+00,2024-10-03 11:08:09.669146+00
284,سبيستون | شارة عيد سبيستون 22 - أنتِ الفرحة يا سبيستون,https://i.ytimg.com/vi/w966THba4EE/maxresdefault.jpg,https://www.youtube.com/watch?v=w966THba4EE,2024-10-03 11:08:09.669146+00,2024-10-03 11:08:09.669146+00
285,سبيستون - شارة أبطال الديجتال الجزء الأول,https://i.ytimg.com/vi/-DH8UAlS5io/maxresdefault.jpg,https://www.youtube.com/watch?v=-DH8UAlS5io,2024-10-03 11:08:09.669146+00,2024-10-03 11:08:09.669146+00
286,سبيستون | شارة يوتيوب سبيستون,https://i.ytimg.com/vi/UEldQnMQv4I/maxresdefault.jpg,https://www.youtube.com/watch?v=UEldQnMQv4I,2024-10-03 11:08:09.669146+00,2024-10-03 11:08:09.669146+00
287,سبيستون | شارتكم المفضلة - عهد الأصدقاء,https://i.ytimg.com/vi/Og-gT7OmfWE/maxresdefault.jpg,https://www.youtube.com/watch?v=Og-gT7OmfWE,2024-10-03 11:08:09.669146+00,2024-10-03 11:08:09.669146+00
289,سبيستون | شارة دورايمون,https://i.ytimg.com/vi/xEDbTPhYfsY/maxresdefault.jpg,https://www.youtube.com/watch?v=xEDbTPhYfsY,2024-10-03 11:08:09.669146+00,2024-10-03 11:08:09.669146+00
290,سبيستون | أنستازيا - شارة آه لو في الأحلام,https://i.ytimg.com/vi/oxqkyETk5TU/maxresdefault.jpg,https://www.youtube.com/watch?v=oxqkyETk5TU,2024-10-03 11:08:09.669146+00,2024-10-03 11:08:09.669146+00
291,سبيستون | من يعرف كيف يكون,https://i.ytimg.com/vi/2vEEa1IKV1M/maxresdefault.jpg,https://www.youtube.com/watch?v=2vEEa1IKV1M,2024-10-03 11:08:09.669146+00,2024-10-03 11:08:09.669146+00
292,سبيستون | المحقق الشهير _شارة النهاية,https://i.ytimg.com/vi/BF-31qAyopE/maxresdefault.jpg,https://www.youtube.com/watch?v=BF-31qAyopE,2024-10-03 11:08:09.669146+00,2024-10-03 11:08:09.669146+00
293,سبيستون - العيد أتانا بالفرحة,https://i.ytimg.com/vi/NIzMiF-OIEs/maxresdefault.jpg,https://www.youtube.com/watch?v=NIzMiF-OIEs,2024-10-03 11:08:09.669146+00,2024-10-03 11:08:09.669146+00
294,سبيستون | شارات سبيستونية من اختيار شباب المستقبل,https://i.ytimg.com/vi/LXkFE2seurs/maxresdefault.jpg,https://www.youtube.com/watch?v=LXkFE2seurs,2024-10-03 11:08:09.669146+00,2024-10-03 11:08:09.669146+00
295,سبيستون | المحقق الشهير _شارة البداية,https://i.ytimg.com/vi/zgBHtOhv-xA/maxresdefault.jpg,https://www.youtube.com/watch?v=zgBHtOhv-xA,2024-10-03 11:08:09.669146+00,2024-10-03 11:08:09.669146+00
296,سبيستون غو - شارة شارة Hetty Feather,https://i.ytimg.com/vi/p0uEluCDQqU/maxresdefault.jpg,https://www.youtube.com/watch?v=p0uEluCDQqU,2024-10-03 11:08:09.669146+00,2024-10-03 11:08:09.669146+00
297,سبيستون - شارة مازنجر زد إنفينتي | Spacetoon - Mazinger Z Infinity Song,https://i.ytimg.com/vi/tniu1AcRXbQ/maxresdefault.jpg,https://www.youtube.com/watch?v=tniu1AcRXbQ,2024-10-03 11:08:09.669146+00,2024-10-03 11:08:09.669146+00
298,سبيستون - شارة باربي دريم توبيا | Spacetoon - Barbie Dreamtopia Song,https://i.ytimg.com/vi/nHqeV3rNOZE/maxresdefault.jpg,https://www.youtube.com/watch?v=nHqeV3rNOZE,2024-10-03 11:08:09.669146+00,2024-10-03 11:08:09.669146+00
299,سبيستون - مَن يعرف كيف يكون,https://i.ytimg.com/vi/lJRiwWd0ot0/maxresdefault.jpg,https://www.youtube.com/watch?v=lJRiwWd0ot0,2024-10-03 11:08:09.669146+00,2024-10-03 11:08:09.669146+00
300,Spacetoon - Falfool - Egg Song | سبيستون - فلفول - شارة البيضة,https://i.ytimg.com/vi/NP5Ex1bCh-o/maxresdefault.jpg,https://www.youtube.com/watch?v=NP5Ex1bCh-o,2024-10-03 11:08:09.669146+00,2024-10-03 11:08:09.669146+00
301,Spacetoon - Falfool - Ramadan Song | سبيستون - فلفول - شارة رمضان,https://i.ytimg.com/vi/Pahkruf4twM/maxresdefault.jpg,https://www.youtube.com/watch?v=Pahkruf4twM,2024-10-03 11:08:09.669146+00,2024-10-03 11:08:09.669146+00
302,Spacetoon - Falfool - Barbeque Day Song | سبيستون - فلفول - شارة يوم الشواء,https://i.ytimg.com/vi/bsBihc-uywk/maxresdefault.jpg,https://www.youtube.com/watch?v=bsBihc-uywk,2024-10-03 11:08:09.669146+00,2024-10-03 11:08:09.669146+00
303,Spacetoon - Falfool - Salad Song | سبيستون - فلفول - شارة السلطة,https://i.ytimg.com/vi/o9xR7JcU2iw/maxresdefault.jpg,https://www.youtube.com/watch?v=o9xR7JcU2iw,2024-10-03 11:08:09.669146+00,2024-10-03 11:08:09.669146+00
305,شارة بي باتل برست ايفولوشن – سبيستون,https://i.ytimg.com/vi/oVaSGAvX9iA/maxresdefault.jpg,https://www.youtube.com/watch?v=oVaSGAvX9iA,2024-10-03 11:08:09.669146+00,2024-10-03 11:08:09.669146+00
306,شارة مونستر هانتر مع الكلمات – سبيستون,https://i.ytimg.com/vi/VcmFcYsRGMg/maxresdefault.jpg,https://www.youtube.com/watch?v=VcmFcYsRGMg,2024-10-03 11:08:09.669146+00,2024-10-03 11:08:09.669146+00
307,سبيستون غو - شارة انمي Girls' Last Tour,https://i.ytimg.com/vi/sepsHhGcUCs/maxresdefault.jpg,https://www.youtube.com/watch?v=sepsHhGcUCs,2024-10-03 11:08:09.669146+00,2024-10-03 11:08:09.669146+00
308,سبيستون - أنستازيا شارة عن شهر ديسمبر,https://i.ytimg.com/vi/3ZBv1Q9vf0k/maxresdefault.jpg,https://www.youtube.com/watch?v=3ZBv1Q9vf0k,2024-10-03 11:08:09.669146+00,2024-10-03 11:08:09.669146+00
309,سبيستون - شارة بليزينغ تيم | Spacetoon - Blazing Team song,https://i.ytimg.com/vi/J7tmHPfCgR4/maxresdefault.jpg,https://www.youtube.com/watch?v=J7tmHPfCgR4,2024-10-03 11:08:09.669146+00,2024-10-03 11:08:09.669146+00
310,سبيستون غو - شارة ميغالو بوكس مع كلمات | Spacetoon go - Megalo Box Song with lyrics,https://i.ytimg.com/vi/xdCImB6lAwk/maxresdefault.jpg,https://www.youtube.com/watch?v=xdCImB6lAwk,2024-10-03 11:08:09.669146+00,2024-10-03 11:08:09.669146+00
311,سبيستون غو - شارة يواموشي بيدال | Spacetoon go - Yowamushi Pedal song,https://i.ytimg.com/vi/5LAwMrbXnoc/maxresdefault.jpg,https://www.youtube.com/watch?v=5LAwMrbXnoc,2024-10-03 11:08:09.669146+00,2024-10-03 11:08:09.669146+00
312,سبيستون غو - شارة ميغالو بوكس | Spacetoon go - Megalo Box Song,https://i.ytimg.com/vi/1-Ad8Oevw1Q/maxresdefault.jpg,https://www.youtube.com/watch?v=1-Ad8Oevw1Q,2024-10-03 11:08:09.669146+00,2024-10-03 11:08:09.669146+00
313,سبيستون | شارة مونستر هانتر ستوريز رايد أون - Spacetoon Monster Hunter Stories: Ride On Song,https://i.ytimg.com/vi/mMupl6nhEdk/maxresdefault.jpg,https://www.youtube.com/watch?v=mMupl6nhEdk,2024-10-03 11:08:09.669146+00,2024-10-03 11:08:09.669146+00
314,شارة بداية زفاري - سبيستون  ZAFARI - Spacetoon,https://i.ytimg.com/vi/vLEztpsnaBI/maxresdefault.jpg,https://www.youtube.com/watch?v=vLEztpsnaBI,2024-10-03 11:08:09.669146+00,2024-10-03 11:08:09.669146+00
315,شارة بداية بي باتل  - سبيستون  BeyBattle Burst  - Spacetoon,https://i.ytimg.com/vi/awPWZOBd7iE/maxresdefault.jpg,https://www.youtube.com/watch?v=awPWZOBd7iE,2024-10-03 11:08:09.669146+00,2024-10-03 11:08:09.669146+00
316,شارة سبيستونات - على أدي - سبيستون  Spacetoon,https://i.ytimg.com/vi/A698snupPJs/maxresdefault.jpg,https://www.youtube.com/watch?v=A698snupPJs,2024-10-03 11:08:09.669146+00,2024-10-03 11:08:09.669146+00
317,شارة بداية فوزان - سبيس تون  Spacetoon,https://i.ytimg.com/vi/p-DrP0A2kyw/maxresdefault.jpg,https://www.youtube.com/watch?v=p-DrP0A2kyw,2024-10-03 11:08:09.669146+00,2024-10-03 11:08:09.669146+00
318,سبيستون - شارة بداية أمل البطل,https://i.ytimg.com/vi/aTSnezuzNcE/maxresdefault.jpg,https://www.youtube.com/watch?v=aTSnezuzNcE,2024-10-03 11:08:09.669146+00,2024-10-03 11:08:09.669146+00
319,سبيستون - شارة بداية سعد وسعيد,https://i.ytimg.com/vi/dBr8tNurhlM/maxresdefault.jpg,https://www.youtube.com/watch?v=dBr8tNurhlM,2024-10-03 11:08:09.669146+00,2024-10-03 11:08:09.669146+00
320,شارة بداية دروبي ودريبل - سبيستون  Spacetoon,https://i.ytimg.com/vi/KsepKzLcU9g/maxresdefault.jpg,https://www.youtube.com/watch?v=KsepKzLcU9g,2024-10-03 11:08:09.669146+00,2024-10-03 11:08:09.669146+00
321,سبيستون - شارة بداية منطاد الأحلام,https://i.ytimg.com/vi/eZCc-HtMvzc/maxresdefault.jpg,https://www.youtube.com/watch?v=eZCc-HtMvzc,2024-10-03 11:08:09.669146+00,2024-10-03 11:08:09.669146+00
322,سبيستون - شارة بداية فيروزة,https://i.ytimg.com/vi/z_4U_UmLGtw/maxresdefault.jpg,https://www.youtube.com/watch?v=z_4U_UmLGtw,2024-10-03 11:08:09.669146+00,2024-10-03 11:08:09.669146+00
323,شارة بداية كركتون - سبيستون  Spacetoon,https://i.ytimg.com/vi/gOO0SMbo5-U/sddefault.jpg,https://www.youtube.com/watch?v=gOO0SMbo5-U,2024-10-03 11:08:09.669146+00,2024-10-03 11:08:09.669146+00
324,Spacetoon Album Songs 3  اكثر من 30 دقيقة اروع اغاني سبيستون  الجزء 3,https://i.ytimg.com/vi/S2s6NWN9C1A/maxresdefault.jpg,https://www.youtube.com/watch?v=S2s6NWN9C1A,2024-10-03 11:08:09.669146+00,2024-10-03 11:08:09.669146+00
325,شارة بداية جرندايزر - سبيستون  Grendizer - SpaceToon,https://i.ytimg.com/vi/4KIk8h9xNL8/maxresdefault.jpg,https://www.youtube.com/watch?v=4KIk8h9xNL8,2024-10-03 11:08:09.669146+00,2024-10-03 11:08:09.669146+00
326,شارة بداية حماة الياقوت - سبيستون Spacetoon,https://i.ytimg.com/vi/0u5ViS34qMw/maxresdefault.jpg,https://www.youtube.com/watch?v=0u5ViS34qMw,2024-10-03 11:08:09.669146+00,2024-10-03 11:08:09.669146+00
327,سبيستون | كوكوتاما | شارة النهاية,https://i.ytimg.com/vi/xRiM_0hiAmU/maxresdefault.jpg,https://www.youtube.com/watch?v=xRiM_0hiAmU,2024-10-03 11:08:09.669146+00,2024-10-03 11:08:09.669146+00
328,شارة بداية الغرانسيزر  - سبيستون  The Gransazer Intro - Spacetoon,https://i.ytimg.com/vi/chjvEUyDWQ4/maxresdefault.jpg,https://www.youtube.com/watch?v=chjvEUyDWQ4,2024-10-03 11:08:09.669146+00,2024-10-03 11:08:09.669146+00
329,Spacetoon شارة بداية الأجنحة الصينية - سبيستون,https://i.ytimg.com/vi/0D2leHCdix0/maxresdefault.jpg,https://www.youtube.com/watch?v=0D2leHCdix0,2024-10-03 11:08:09.669146+00,2024-10-03 11:08:09.669146+00
330,شارة بداية فلة والأقزام السبعة - سبيستون  Spacetoon,https://i.ytimg.com/vi/7wY71p7tC_Y/maxresdefault.jpg,https://www.youtube.com/watch?v=7wY71p7tC_Y,2024-10-03 11:08:09.669146+00,2024-10-03 11:08:09.669146+00
331,شارة بداية أنا طرازان - سبيستون  Spacetoon,https://i.ytimg.com/vi/3yBJPsOsYUA/maxresdefault.jpg,https://www.youtube.com/watch?v=3yBJPsOsYUA,2024-10-03 11:08:09.669146+00,2024-10-03 11:08:09.669146+00
332,شارة بداية الولد العجيب - سبيستون  Spacetoon,https://i.ytimg.com/vi/W76mL5NCado/maxresdefault.jpg,https://www.youtube.com/watch?v=W76mL5NCado,2024-10-03 11:08:09.669146+00,2024-10-03 11:08:09.669146+00
333,فريق التصدي - سبيستون  Spacetoon,https://i.ytimg.com/vi/gJYIXL25jIM/maxresdefault.jpg,https://www.youtube.com/watch?v=gJYIXL25jIM,2024-10-03 11:08:09.669146+00,2024-10-03 11:08:09.669146+00
334,شارة بداية الفرسان - سبيستون  Spacetoon,https://i.ytimg.com/vi/0wFiCw0kYOE/sddefault.jpg,https://www.youtube.com/watch?v=0wFiCw0kYOE,2024-10-03 11:08:09.669146+00,2024-10-03 11:08:09.669146+00
335,شارة بداية النمرالمقنع - سبيستون  Spacetoon,https://i.ytimg.com/vi/LRbye-zpmks/maxresdefault.jpg,https://www.youtube.com/watch?v=LRbye-zpmks,2024-10-03 11:08:09.669146+00,2024-10-03 11:08:09.669146+00
336,شارة بداية إيكو سان - سبيستون  Spacetoon,https://i.ytimg.com/vi/IVG3Zz0Ab0w/maxresdefault.jpg,https://www.youtube.com/watch?v=IVG3Zz0Ab0w,2024-10-03 11:08:09.669146+00,2024-10-03 11:08:09.669146+00
337,شارة بداية مدينة الصفصاف - سبيستون  Spacetoon,https://i.ytimg.com/vi/UBBlIH3xfp8/sddefault.jpg,https://www.youtube.com/watch?v=UBBlIH3xfp8,2024-10-03 11:08:09.669146+00,2024-10-03 11:08:09.669146+00
338,شارة أجنحة الكاندام - سبيستون  Mobile Suit Gundam Wing Intro - Spacetoon,https://i.ytimg.com/vi/_bIqva4VNt0/maxresdefault.jpg,https://www.youtube.com/watch?v=_bIqva4VNt0,2024-10-03 11:08:09.669146+00,2024-10-03 11:08:09.669146+00
339,شارة بداية فولترن - سبيستون  Voltron Intro - Spacetoon,https://i.ytimg.com/vi/773xBU6pQvM/maxresdefault.jpg,https://www.youtube.com/watch?v=773xBU6pQvM,2024-10-03 11:08:09.669146+00,2024-10-03 11:08:09.669146+00
340,شارة بداية مونسونو  - سبيستون  Monsuno Intro - Spacetoon,https://i.ytimg.com/vi/cP6DhogDqEg/maxresdefault.jpg,https://www.youtube.com/watch?v=cP6DhogDqEg,2024-10-03 11:08:09.669146+00,2024-10-03 11:08:09.669146+00
341,شارة بداية سكان تو غو - سبيستون  Scan2Go Intro - Spacetoon,https://i.ytimg.com/vi/PWJlb4EfciA/maxresdefault.jpg,https://www.youtube.com/watch?v=PWJlb4EfciA,2024-10-03 11:08:09.669146+00,2024-10-03 11:08:09.669146+00
342,شارة بداية كراش بيدامان - سبيستون  Spacetoon,https://i.ytimg.com/vi/_06HofuJclk/hqdefault.jpg,https://www.youtube.com/watch?v=_06HofuJclk,2024-10-03 11:08:09.669146+00,2024-10-03 11:08:09.669146+00
343,Spacetoon | سبيستون - أبطال الكرة الجزء الثاني - شارة العمل,https://i.ytimg.com/vi/9jyAdYsPgjU/maxresdefault.jpg,https://www.youtube.com/watch?v=9jyAdYsPgjU,2024-10-03 11:08:09.669146+00,2024-10-03 11:08:09.669146+00
344,شارة بداية أبطال الكرة الموسم الثالث - سبيستون  Inazuma Eleven Season 3 Intro - Spacetoon,https://i.ytimg.com/vi/Q_n8RG6kwcs/maxresdefault.jpg,https://www.youtube.com/watch?v=Q_n8RG6kwcs,2024-10-03 11:08:09.669146+00,2024-10-03 11:08:09.669146+00
345,سبيستون | مغامرات توم سوير | شارة العمل,https://i.ytimg.com/vi/WVB-NgP62Nk/maxresdefault.jpg,https://www.youtube.com/watch?v=WVB-NgP62Nk,2024-10-03 11:08:09.669146+00,2024-10-03 11:08:09.669146+00
346,شارة بداية المفتش فابر - سبيستون  Spacetoon,https://i.ytimg.com/vi/91whbV9VEqg/sddefault.jpg,https://www.youtube.com/watch?v=91whbV9VEqg,2024-10-03 11:08:09.669146+00,2024-10-03 11:08:09.669146+00
347,سبيستون - شارة بداية نونتان,https://i.ytimg.com/vi/bOSmS2DWJyI/maxresdefault.jpg,https://www.youtube.com/watch?v=bOSmS2DWJyI,2024-10-03 11:08:09.669146+00,2024-10-03 11:08:09.669146+00
348,شارة بداية محققون - سبيستون  Spacetoon,https://i.ytimg.com/vi/JgKIG61Jqg8/maxresdefault.jpg,https://www.youtube.com/watch?v=JgKIG61Jqg8,2024-10-03 11:08:09.669146+00,2024-10-03 11:08:09.669146+00
349,شارة بداية مغامرات نغم - سبيستون  Spacetoon,https://i.ytimg.com/vi/2QbKVD2DjTM/maxresdefault.jpg,https://www.youtube.com/watch?v=2QbKVD2DjTM,2024-10-03 11:08:09.669146+00,2024-10-03 11:08:09.669146+00
350,شارة بداية أسرار ليلى - سبيستون  Spacetoon,https://i.ytimg.com/vi/Lk5xPc9SE4Q/maxresdefault.jpg,https://www.youtube.com/watch?v=Lk5xPc9SE4Q,2024-10-03 11:08:09.669146+00,2024-10-03 11:08:09.669146+00
351,شارة بداية غيمة - سبيستون  Spacetoon,https://i.ytimg.com/vi/sjClVma0BrQ/maxresdefault.jpg,https://www.youtube.com/watch?v=sjClVma0BrQ,2024-10-03 11:08:09.669146+00,2024-10-03 11:08:09.669146+00
352,شارة بداية سندريلا  - سبيستون  Spacetoon,https://i.ytimg.com/vi/IctskdnjslM/maxresdefault.jpg,https://www.youtube.com/watch?v=IctskdnjslM,2024-10-03 11:08:09.669146+00,2024-10-03 11:08:09.669146+00
353,شارة بداية جواهر - سبيستون  Spacetoon,https://i.ytimg.com/vi/PGazLILHoJ8/maxresdefault.jpg,https://www.youtube.com/watch?v=PGazLILHoJ8,2024-10-03 11:08:09.669146+00,2024-10-03 11:08:09.669146+00
354,شارة بداية باص المدرسة العجيب - سبيستون  Spacetoon,https://i.ytimg.com/vi/pctpiLeVZAU/maxresdefault.jpg,https://www.youtube.com/watch?v=pctpiLeVZAU,2024-10-03 11:08:09.669146+00,2024-10-03 11:08:09.669146+00
355,شارة بداية هزيم الرعد  - سبيستون  Spacetoon,https://i.ytimg.com/vi/wcMh6jHdC5Q/maxresdefault.jpg,https://www.youtube.com/watch?v=wcMh6jHdC5Q,2024-10-03 11:08:09.669146+00,2024-10-03 11:08:09.669146+00
356,شارة الكابتن ماجد الجزء الأول  - سبيستون  Spacetoon,https://i.ytimg.com/vi/l0ibozG6mL0/maxresdefault.jpg,https://www.youtube.com/watch?v=l0ibozG6mL0,2024-10-03 11:08:09.669146+00,2024-10-03 11:08:09.669146+00
357,شارة بداية كاسبر - سبيستون  Spacetoon,https://i.ytimg.com/vi/SefHkgxXWss/maxresdefault.jpg,https://www.youtube.com/watch?v=SefHkgxXWss,2024-10-03 11:08:09.669146+00,2024-10-03 11:08:09.669146+00
358,شارة بداية أكادمية الشرطة  - سبيستون  Police Academy - Spacetoon,https://i.ytimg.com/vi/0IeH_seQXC0/maxresdefault.jpg,https://www.youtube.com/watch?v=0IeH_seQXC0,2024-10-03 11:08:09.669146+00,2024-10-03 11:08:09.669146+00
359,شارة بداية أنا وأخي  - سبيستون  Spacetoon,https://i.ytimg.com/vi/GY4rEmG2Rh0/maxresdefault.jpg,https://www.youtube.com/watch?v=GY4rEmG2Rh0,2024-10-03 11:08:09.669146+00,2024-10-03 11:08:09.669146+00
360,شارة بداية أنا وأخواتي  - سبيستون  Spacetoon,https://i.ytimg.com/vi/XK-HpBsbu-c/maxresdefault.jpg,https://www.youtube.com/watch?v=XK-HpBsbu-c,2024-10-03 11:08:09.669146+00,2024-10-03 11:08:09.669146+00
361,شارة بداية الماسة الزرقاء  - سبيستون  Spacetoon,https://i.ytimg.com/vi/oLk3S-NBWUs/maxresdefault.jpg,https://www.youtube.com/watch?v=oLk3S-NBWUs,2024-10-03 11:08:09.669146+00,2024-10-03 11:08:09.669146+00
362,شارة بداية باباي  - سبيستون  Papaye - Spacetoon,https://i.ytimg.com/vi/dTt0OhLAmXA/maxresdefault.jpg,https://www.youtube.com/watch?v=dTt0OhLAmXA,2024-10-03 11:08:09.669146+00,2024-10-03 11:08:09.669146+00
363,سبيستون | بات مان | شارة العمل,https://i.ytimg.com/vi/bu6EBd3rPmI/hqdefault.jpg,https://www.youtube.com/watch?v=bu6EBd3rPmI,2024-10-03 11:08:09.669146+00,2024-10-03 11:08:09.669146+00
364,شارة بداية المقاتل النبيل - سبيستون  Spacetoon,https://i.ytimg.com/vi/pcrSBmF9zh4/maxresdefault.jpg,https://www.youtube.com/watch?v=pcrSBmF9zh4,2024-10-03 11:08:09.669146+00,2024-10-03 11:08:09.669146+00
365,شارة بداية بيدامان - سبيستون  Battele B-daman - Spacetoon,https://i.ytimg.com/vi/vks-_324yFM/maxresdefault.jpg,https://www.youtube.com/watch?v=vks-_324yFM,2024-10-03 11:08:09.669146+00,2024-10-03 11:08:09.669146+00
366,شارة بداية دروبي - سبيستون  Do Re Bi Spacetoon,https://i.ytimg.com/vi/Fc0LTrUSxKE/hqdefault.jpg,https://www.youtube.com/watch?v=Fc0LTrUSxKE,2024-10-03 11:08:09.669146+00,2024-10-03 11:08:09.669146+00
367,Spacetoon | سبيستون - ايميلي - شارة العمل,https://i.ytimg.com/vi/_McjTc1Qp9s/maxresdefault.jpg,https://www.youtube.com/watch?v=_McjTc1Qp9s,2024-10-03 11:08:09.669146+00,2024-10-03 11:08:09.669146+00
368,-  شارة بداية ون بيس - سبيستون  One piece - Spacetoon,https://i.ytimg.com/vi/PCVXntb8WiE/maxresdefault.jpg,https://www.youtube.com/watch?v=PCVXntb8WiE,2024-10-03 11:08:09.669146+00,2024-10-03 11:08:09.669146+00
369,شارة بداية الشبح - سبيستون  Spacetoon,https://i.ytimg.com/vi/S_NYUfSf3TA/maxresdefault.jpg,https://www.youtube.com/watch?v=S_NYUfSf3TA,2024-10-03 11:08:09.669146+00,2024-10-03 11:08:09.669146+00
370,شارة بداية سابق ولاحق - سبيستون  Spacetoon,https://i.ytimg.com/vi/aVps7M4DH4s/maxresdefault.jpg,https://www.youtube.com/watch?v=aVps7M4DH4s,2024-10-03 11:08:09.669146+00,2024-10-03 11:08:09.669146+00
371,شارة بداية ريمي - سبيستون  Remi - Spacetoon,https://i.ytimg.com/vi/8yHf-RIEiOU/maxresdefault.jpg,https://www.youtube.com/watch?v=8yHf-RIEiOU,2024-10-03 11:08:09.669146+00,2024-10-03 11:08:09.669146+00
372,سبيستون | أدغال الديجيتال | شارة العمل,https://i.ytimg.com/vi/EMGjiPvo89I/maxresdefault.jpg,https://www.youtube.com/watch?v=EMGjiPvo89I,2024-10-03 11:08:09.669146+00,2024-10-03 11:08:09.669146+00
373,شارة بداية شارة أبي  - سبيستون  Spacetoon,https://i.ytimg.com/vi/uREPI-6m6mw/maxresdefault.jpg,https://www.youtube.com/watch?v=uREPI-6m6mw,2024-10-03 11:08:09.669146+00,2024-10-03 11:08:09.669146+00
374,شارة بداية دروبي مع دو ري مي الجزء الثالث  - سبيستون  Spacetoon,https://i.ytimg.com/vi/IwdauDV_Kb4/maxresdefault.jpg,https://www.youtube.com/watch?v=IwdauDV_Kb4,2024-10-03 11:08:09.669146+00,2024-10-03 11:08:09.669146+00
375,شارة بداية أنا وأختي  - سبيستون  Spacetoon,https://i.ytimg.com/vi/dB95J8Pa49c/maxresdefault.jpg,https://www.youtube.com/watch?v=dB95J8Pa49c,2024-10-03 11:08:09.669146+00,2024-10-03 11:08:09.669146+00
376,شارة بداية أسرار المحيط  - سبيستون  Spacetoon,https://i.ytimg.com/vi/ZlVFegYA0fo/maxresdefault.jpg,https://www.youtube.com/watch?v=ZlVFegYA0fo,2024-10-03 11:08:09.669146+00,2024-10-03 11:08:09.669146+00
377,شارة بداية إيروكا - سبيستون  Spacetoon,https://i.ytimg.com/vi/X1Hu_ms7BuE/maxresdefault.jpg,https://www.youtube.com/watch?v=X1Hu_ms7BuE,2024-10-03 11:08:09.669146+00,2024-10-03 11:08:09.669146+00
378,شارة بداية الصياد الصغير - سبيستون  Spacetoon,https://i.ytimg.com/vi/xGnn8MKYOis/maxresdefault.jpg,https://www.youtube.com/watch?v=xGnn8MKYOis,2024-10-03 11:08:09.669146+00,2024-10-03 11:08:09.669146+00
379,Spacetoon | سبيستون - أنا وأخي - شارة العمل,https://i.ytimg.com/vi/7t_Ht6v4GkQ/maxresdefault.jpg,https://www.youtube.com/watch?v=7t_Ht6v4GkQ,2024-10-03 11:08:09.669146+00,2024-10-03 11:08:09.669146+00
380,Dragon Ball Z Kai - Spacetoon  شارة بداية دراغون بول زد كاي - سبيستون,https://i.ytimg.com/vi/WsyNv1DR8XQ/sddefault.jpg,https://www.youtube.com/watch?v=WsyNv1DR8XQ,2024-10-03 11:08:09.669146+00,2024-10-03 11:08:09.669146+00
381,شارة بداية مدرسة الكونغ فو - سبيستون  Spacetoon,https://i.ytimg.com/vi/wXVGui0e-DE/maxresdefault.jpg,https://www.youtube.com/watch?v=wXVGui0e-DE,2024-10-03 11:08:09.669146+00,2024-10-03 11:08:09.669146+00
382,شارة ماشا - سبيس تون - Spacetoon,https://i.ytimg.com/vi/mtx-DcY76V4/maxresdefault.jpg,https://www.youtube.com/watch?v=mtx-DcY76V4,2024-10-03 11:08:09.669146+00,2024-10-03 11:08:09.669146+00
383,اوبتي مورفس- سبيستون | Opti-Morphs - Spacetoon,https://i.ytimg.com/vi/VsnbmKYwV8s/maxresdefault.jpg,https://www.youtube.com/watch?v=VsnbmKYwV8s,2024-10-03 11:08:09.669146+00,2024-10-03 11:08:09.669146+00
384,شارة بداية عهد الأصدقاء - سبيستون  Spacetoon,https://i.ytimg.com/vi/BYmcd8I4qcQ/maxresdefault.jpg,https://www.youtube.com/watch?v=BYmcd8I4qcQ,2024-10-03 11:08:09.669146+00,2024-10-03 11:08:09.669146+00
385,شارة بداية فرفوح - سبيستون  Spacetoon,https://i.ytimg.com/vi/bEvG-017zsA/maxresdefault.jpg,https://www.youtube.com/watch?v=bEvG-017zsA,2024-10-03 11:08:09.669146+00,2024-10-03 11:08:09.669146+00
386,شارة بداية ينبوع الأحلام - سبيستون  Spacetoon,https://i.ytimg.com/vi/gJpMyls9_6Y/maxresdefault.jpg,https://www.youtube.com/watch?v=gJpMyls9_6Y,2024-10-03 11:08:09.669146+00,2024-10-03 11:08:09.669146+00
387,شهد والأبطال - سبيس تون,https://i.ytimg.com/vi/cm2BG0lE47c/maxresdefault.jpg,https://www.youtube.com/watch?v=cm2BG0lE47c,2024-10-03 11:08:09.669146+00,2024-10-03 11:08:09.669146+00
388,شارة بداية صانع السلام - سبيستون  Spacetoon,https://i.ytimg.com/vi/XRBqY5KlvVY/maxresdefault.jpg,https://www.youtube.com/watch?v=XRBqY5KlvVY,2024-10-03 11:08:09.669146+00,2024-10-03 11:08:09.669146+00
389,رياح الشمال - سبيس تون,https://i.ytimg.com/vi/oslLM6lHJdo/sddefault.jpg,https://www.youtube.com/watch?v=oslLM6lHJdo,2024-10-03 11:08:09.669146+00,2024-10-03 11:08:09.669146+00
390,Spacetoon | سبيستون - الحديقة السرية - شارة العمل,https://i.ytimg.com/vi/KyWUlkKD_yY/maxresdefault.jpg,https://www.youtube.com/watch?v=KyWUlkKD_yY,2024-10-03 11:08:09.669146+00,2024-10-03 11:08:09.669146+00
391,شارة بداية البطل الذهبي - سبيستون  Spacetoon,https://i.ytimg.com/vi/h6L0FiTB98E/maxresdefault.jpg,https://www.youtube.com/watch?v=h6L0FiTB98E,2024-10-03 11:08:09.669146+00,2024-10-03 11:08:09.669146+00
392,شارة بداية بي بو با  - سبيستون  Spacetoon,https://i.ytimg.com/vi/7XS2EP1VEZk/maxresdefault.jpg,https://www.youtube.com/watch?v=7XS2EP1VEZk,2024-10-03 11:08:09.669146+00,2024-10-03 11:08:09.669146+00
393,أبطال الديجيتال الجزء الثالث - سبيستون,https://i.ytimg.com/vi/1onjKMGZj2M/sddefault.jpg,https://www.youtube.com/watch?v=1onjKMGZj2M,2024-10-03 11:08:09.669146+00,2024-10-03 11:08:09.669146+00
394,يا مرحبا بالعيد - سبيستون | SpaceToon,https://i.ytimg.com/vi/bpcR-pTA_TY/hqdefault.jpg,https://www.youtube.com/watch?v=bpcR-pTA_TY,2024-10-03 11:08:09.669146+00,2024-10-03 11:08:09.669146+00
395,سبيستون - شارة شارة القناص,https://i.ytimg.com/vi/JOz8CVQjTuA/maxresdefault.jpg,https://www.youtube.com/watch?v=JOz8CVQjTuA,2024-10-03 11:08:09.669146+00,2024-10-03 11:08:09.669146+00
396,شارة بداية دراغون بول - سبيستون  Dragon Ball - Spacetoon,https://i.ytimg.com/vi/Ad5KfP3r1lE/sddefault.jpg,https://www.youtube.com/watch?v=Ad5KfP3r1lE,2024-10-03 11:08:09.669146+00,2024-10-03 11:08:09.669146+00
397,شارة بداية أوف سايد - سبيستون  Spacetoon,https://i.ytimg.com/vi/ZEW5BHx6urU/maxresdefault.jpg,https://www.youtube.com/watch?v=ZEW5BHx6urU,2024-10-03 11:08:09.669146+00,2024-10-03 11:08:09.669146+00
398,شارة بداية أسرار الغابة  - سبيستون  Spacetoon,https://i.ytimg.com/vi/cH9SyG-UJgg/maxresdefault.jpg,https://www.youtube.com/watch?v=cH9SyG-UJgg,2024-10-03 11:08:09.669146+00,2024-10-03 11:08:09.669146+00
399,شارة بداية كرش جير - سبيستون Spacetoon,https://i.ytimg.com/vi/qQK-VtU8FiA/maxresdefault.jpg,https://www.youtube.com/watch?v=qQK-VtU8FiA,2024-10-03 11:08:09.669146+00,2024-10-03 11:08:09.669146+00
400,شارة بداية مدينة النخيل  - سبيستون  Spacetoon,https://i.ytimg.com/vi/WPeArLLXwZg/maxresdefault.jpg,https://www.youtube.com/watch?v=WPeArLLXwZg,2024-10-03 11:08:09.669146+00,2024-10-03 11:08:09.669146+00
401,شارة بداية الضربة الصاعقة - سبيستون Spacetoon,https://i.ytimg.com/vi/0UPzhsFR92Q/maxresdefault.jpg,https://www.youtube.com/watch?v=0UPzhsFR92Q,2024-10-03 11:08:09.669146+00,2024-10-03 11:08:09.669146+00
402,شارة بداية الصياد الجريء - سبيستون  Spacetoon,https://i.ytimg.com/vi/Jfk7MDwhhpY/maxresdefault.jpg,https://www.youtube.com/watch?v=Jfk7MDwhhpY,2024-10-03 11:08:09.669146+00,2024-10-03 11:08:09.669146+00
403,شارة بداية توب بليت - سبيستون | Top Plate - Spacetoon,https://i.ytimg.com/vi/Na6a25oYc7A/maxresdefault.jpg,https://www.youtube.com/watch?v=Na6a25oYc7A,2024-10-03 11:08:09.669146+00,2024-10-03 11:08:09.669146+00
404,شارة بداية روبوكون - سبيستون  Spacetoon,https://i.ytimg.com/vi/g602a6M-U4k/maxresdefault.jpg,https://www.youtube.com/watch?v=g602a6M-U4k,2024-10-03 11:08:09.669146+00,2024-10-03 11:08:09.669146+00
405,شارة بداية بيبي الشقية - سبيستون  Spacetoon,https://i.ytimg.com/vi/Qg8OVfI4mYo/maxresdefault.jpg,https://www.youtube.com/watch?v=Qg8OVfI4mYo,2024-10-03 11:08:09.669146+00,2024-10-03 11:08:09.669146+00
406,شارة بداية بائعة الكبريت - سبيستون  Spacetoon,https://i.ytimg.com/vi/71aau2qMeXo/maxresdefault.jpg,https://www.youtube.com/watch?v=71aau2qMeXo,2024-10-03 11:08:09.669146+00,2024-10-03 11:08:09.669146+00
407,سبيستون - شارة بداية كوكب الباندا,https://i.ytimg.com/vi/pROE-acJ0_U/maxresdefault.jpg,https://www.youtube.com/watch?v=pROE-acJ0_U,2024-10-03 11:08:09.669146+00,2024-10-03 11:08:09.669146+00
408,شارة بداية ويب دايفر - سبيستون  Spacetoon,https://i.ytimg.com/vi/Asm9laNiFF0/maxresdefault.jpg,https://www.youtube.com/watch?v=Asm9laNiFF0,2024-10-03 11:08:09.669146+00,2024-10-03 11:08:09.669146+00
409,شارة بداية القط الأسود - سبيستون  Spacetoon,https://i.ytimg.com/vi/P0hzk7xI1b4/maxresdefault.jpg,https://www.youtube.com/watch?v=P0hzk7xI1b4,2024-10-03 11:08:09.669146+00,2024-10-03 11:08:09.669146+00
410,بيدا بول - سبيستون,https://i.ytimg.com/vi/wT8_ubolb4g/maxresdefault.jpg,https://www.youtube.com/watch?v=wT8_ubolb4g,2024-10-03 11:08:09.669146+00,2024-10-03 11:08:09.669146+00
411,شارة بداية بليزين تينز - سبيستون   Blazing Teens - Spacetoon,https://i.ytimg.com/vi/k1upRyUhXKI/maxresdefault.jpg,https://www.youtube.com/watch?v=k1upRyUhXKI,2024-10-03 11:08:09.669146+00,2024-10-03 11:08:09.669146+00
412,شارة بداية شوت - سبيستون  Spacetoon,https://i.ytimg.com/vi/BicsIpASXCc/maxresdefault.jpg,https://www.youtube.com/watch?v=BicsIpASXCc,2024-10-03 11:08:09.669146+00,2024-10-03 11:08:09.669146+00
413,شارة مسلسل الفأرة ميا  - سبيستون | Mia - Spacetoon,https://i.ytimg.com/vi/OZh46KbdLOE/maxresdefault.jpg,https://www.youtube.com/watch?v=OZh46KbdLOE,2024-10-03 11:08:09.669146+00,2024-10-03 11:08:09.669146+00
414,شارة بداية فرسان الأرض - سبيستون  Spacetoon,https://i.ytimg.com/vi/NlBefQp8arI/maxresdefault.jpg,https://www.youtube.com/watch?v=NlBefQp8arI,2024-10-03 11:08:09.669146+00,2024-10-03 11:08:09.669146+00
415,شارة بداية كابتن ماجد الجزء الثالث - سبيستون  Spacetoon,https://i.ytimg.com/vi/y_hGiiGp0Xc/maxresdefault.jpg,https://www.youtube.com/watch?v=y_hGiiGp0Xc,2024-10-03 11:08:09.669146+00,2024-10-03 11:08:09.669146+00
416,شارة ال بي اكس - LBX - Little Battler Experience - سبيستون | Spacetoon,https://i.ytimg.com/vi/vLf0eeBzKjk/maxresdefault.jpg,https://www.youtube.com/watch?v=vLf0eeBzKjk,2024-10-03 11:08:09.669146+00,2024-10-03 11:08:09.669146+00
417,يو-كاي واتش شارة النهاية - سبيستون | Yo-Kai Watch Ending - Spacetoon,https://i.ytimg.com/vi/Bbja-1L9YIQ/maxresdefault.jpg,https://www.youtube.com/watch?v=Bbja-1L9YIQ,2024-10-03 11:08:09.669146+00,2024-10-03 11:08:09.669146+00
418,شارة بداية سلام دانك  - سبيستون  Spacetoon,https://i.ytimg.com/vi/WevtBmOU5qY/maxresdefault.jpg,https://www.youtube.com/watch?v=WevtBmOU5qY,2024-10-03 11:08:09.669146+00,2024-10-03 11:08:09.669146+00
419,سبيستون | البؤساء | شارة العمل,https://i.ytimg.com/vi/KhY_UZWyVMA/maxresdefault.jpg,https://www.youtube.com/watch?v=KhY_UZWyVMA,2024-10-03 11:08:09.669146+00,2024-10-03 11:08:09.669146+00
420,شارة بداية دري لاند - سبيستون  Tanken DRILAND Song ٍSpacetoon,https://i.ytimg.com/vi/18-WQX19Aco/maxresdefault.jpg,https://www.youtube.com/watch?v=18-WQX19Aco,2024-10-03 11:08:09.669146+00,2024-10-03 11:08:09.669146+00
421,سبيستون - شارة حياتي غيرل | Soacetoon - HayatiGirl Song,https://i.ytimg.com/vi/eFDwd9AurQQ/maxresdefault.jpg,https://www.youtube.com/watch?v=eFDwd9AurQQ,2024-10-03 11:08:09.669146+00,2024-10-03 11:08:09.669146+00
422,Spacetoon Album Songs 3  اكثر من 30 دقيقة اروع اغاني سبيستون  الجزء 3,https://i.ytimg.com/vi/S2s6NWN9C1A/maxresdefault.jpg,https://www.youtube.com/watch?v=S2s6NWN9C1A,2024-10-03 11:08:09.669146+00,2024-10-03 11:08:09.669146+00
423,Spacetoon - اكثر من 30 دقيقة اروع اغاني سبيستون - الجزء 2,https://i.ytimg.com/vi/dmwg-waAdWs/maxresdefault.jpg,https://www.youtube.com/watch?v=dmwg-waAdWs,2024-10-03 11:08:09.669146+00,2024-10-03 11:08:09.669146+00
424,Spacetoon - أكثر من 30 دقيقة اروع اغاني سبيستون - الجزء 1,https://i.ytimg.com/vi/fxZE5hOMyi4/maxresdefault.jpg,https://www.youtube.com/watch?v=fxZE5hOMyi4,2024-10-03 11:08:09.669146+00,2024-10-03 11:08:09.669146+00
425,شارة بيبي شارك وبابو الحوت - بابو آيس كريم - سبيستون  Baby Shark & Babo - Baboo Ice Cream,https://i.ytimg.com/vi/-NH2lXJV7Vw/maxresdefault.jpg,https://www.youtube.com/watch?v=-NH2lXJV7Vw,2024-10-03 11:08:09.669146+00,2024-10-03 11:08:09.669146+00
426,سبيستون - شارة مغامرات بسمة ودحومي,https://i.ytimg.com/vi/l2YSUN3KnD0/maxresdefault.jpg,https://www.youtube.com/watch?v=l2YSUN3KnD0,2024-10-03 11:08:09.669146+00,2024-10-03 11:08:09.669146+00
427,دودا دودي  | شارة الأسنان,https://i.ytimg.com/vi/mHdMpF9h5UI/maxresdefault.jpg,https://www.youtube.com/watch?v=mHdMpF9h5UI,2024-10-03 11:08:09.669146+00,2024-10-03 11:08:09.669146+00
428,دراغون بول سوبر | الشارة الجديدة,https://i.ytimg.com/vi/tD7ykH9_20A/sddefault.jpg,https://www.youtube.com/watch?v=tD7ykH9_20A,2024-10-03 11:08:09.669146+00,2024-10-03 11:08:09.669146+00
429,كل عام وماشا بألف خير,https://i.ytimg.com/vi/VcEBTRvoKQw/maxresdefault.jpg,https://www.youtube.com/watch?v=VcEBTRvoKQw,2024-10-03 11:08:09.669146+00,2024-10-03 11:08:09.669146+00
430,سبيستون | شارتكم المفضلة - عهد الأصدقاء,https://i.ytimg.com/vi/Og-gT7OmfWE/maxresdefault.jpg,https://www.youtube.com/watch?v=Og-gT7OmfWE,2024-10-03 11:08:09.669146+00,2024-10-03 11:08:09.669146+00
431,سبيستون | شارة كاليميرو,https://i.ytimg.com/vi/5bkTb_Xvrcw/maxresdefault.jpg,https://www.youtube.com/watch?v=5bkTb_Xvrcw,2024-10-03 11:08:09.669146+00,2024-10-03 11:08:09.669146+00
